[debug] [2026-03-17T10:56:27.015Z] ----------------------------------------------------------------------
[debug] [2026-03-17T10:56:27.017Z] Command:       C:\Program Files\nodejs\node.exe C:\Users\eitan\AppData\Roaming\npm\node_modules\firebase-tools\lib\bin\firebase.js deploy --only functions
[debug] [2026-03-17T10:56:27.017Z] CLI Version:   15.10.0
[debug] [2026-03-17T10:56:27.017Z] Platform:      win32
[debug] [2026-03-17T10:56:27.017Z] Node Version:  v24.14.0
[debug] [2026-03-17T10:56:27.017Z] Time:          Tue Mar 17 2026 12:56:27 GMT+0200 (Israel Standard Time)
[debug] [2026-03-17T10:56:27.018Z] ----------------------------------------------------------------------
[debug] 
[debug] [2026-03-17T10:56:28.052Z] > command requires scopes: ["email","openid","https://www.googleapis.com/auth/cloudplatformprojects.readonly","https://www.googleapis.com/auth/firebase","https://www.googleapis.com/auth/cloud-platform"]
[debug] [2026-03-17T10:56:28.052Z] > authorizing via signed-in user (eitancoresh69@gmail.com)
[debug] [2026-03-17T10:56:28.052Z] [iam] checking project safezone-cd4b5 for permissions ["cloudfunctions.functions.create","cloudfunctions.functions.delete","cloudfunctions.functions.get","cloudfunctions.functions.list","cloudfunctions.functions.update","cloudfunctions.operations.get","firebase.projects.get"]
[debug] [2026-03-17T10:56:28.053Z] Checked if tokens are valid: false, expires at: 1773743900945
[debug] [2026-03-17T10:56:28.053Z] Checked if tokens are valid: false, expires at: 1773743900945
[debug] [2026-03-17T10:56:28.053Z] > refreshing access token with scopes: []
[debug] [2026-03-17T10:56:28.055Z] >>> [apiv2][query] POST https://www.googleapis.com/oauth2/v3/token [none]
[debug] [2026-03-17T10:56:28.055Z] >>> [apiv2][body] POST https://www.googleapis.com/oauth2/v3/token [omitted]
[debug] [2026-03-17T10:56:28.251Z] <<< [apiv2][status] POST https://www.googleapis.com/oauth2/v3/token 200
[debug] [2026-03-17T10:56:28.251Z] <<< [apiv2][body] POST https://www.googleapis.com/oauth2/v3/token [omitted]
[debug] [2026-03-17T10:56:28.265Z] >>> [apiv2][query] POST https://cloudresourcemanager.googleapis.com/v1/projects/safezone-cd4b5:testIamPermissions [none]
[debug] [2026-03-17T10:56:28.265Z] >>> [apiv2][(partial)header] POST https://cloudresourcemanager.googleapis.com/v1/projects/safezone-cd4b5:testIamPermissions  x-goog-user-project=safezone-cd4b5
[debug] [2026-03-17T10:56:28.265Z] >>> [apiv2][body] POST https://cloudresourcemanager.googleapis.com/v1/projects/safezone-cd4b5:testIamPermissions {"permissions":["cloudfunctions.functions.create","cloudfunctions.functions.delete","cloudfunctions.functions.get","cloudfunctions.functions.list","cloudfunctions.functions.update","cloudfunctions.operations.get","firebase.projects.get"]}
[debug] [2026-03-17T10:56:28.522Z] <<< [apiv2][status] POST https://cloudresourcemanager.googleapis.com/v1/projects/safezone-cd4b5:testIamPermissions 200
[debug] [2026-03-17T10:56:28.522Z] <<< [apiv2][body] POST https://cloudresourcemanager.googleapis.com/v1/projects/safezone-cd4b5:testIamPermissions {"permissions":["cloudfunctions.functions.create","cloudfunctions.functions.delete","cloudfunctions.functions.get","cloudfunctions.functions.list","cloudfunctions.functions.update","cloudfunctions.operations.get","firebase.projects.get"]}
[debug] [2026-03-17T10:56:28.523Z] Checked if tokens are valid: true, expires at: 1773748587252
[debug] [2026-03-17T10:56:28.523Z] Checked if tokens are valid: true, expires at: 1773748587252
[debug] [2026-03-17T10:56:28.523Z] >>> [apiv2][query] POST https://iam.googleapis.com/v1/projects/safezone-cd4b5/serviceAccounts/safezone-cd4b5@appspot.gserviceaccount.com:testIamPermissions [none]
[debug] [2026-03-17T10:56:28.523Z] >>> [apiv2][body] POST https://iam.googleapis.com/v1/projects/safezone-cd4b5/serviceAccounts/safezone-cd4b5@appspot.gserviceaccount.com:testIamPermissions {"permissions":["iam.serviceAccounts.actAs"]}
[debug] [2026-03-17T10:56:29.469Z] <<< [apiv2][status] POST https://iam.googleapis.com/v1/projects/safezone-cd4b5/serviceAccounts/safezone-cd4b5@appspot.gserviceaccount.com:testIamPermissions 200
[debug] [2026-03-17T10:56:29.470Z] <<< [apiv2][body] POST https://iam.googleapis.com/v1/projects/safezone-cd4b5/serviceAccounts/safezone-cd4b5@appspot.gserviceaccount.com:testIamPermissions {"permissions":["iam.serviceAccounts.actAs"]}
[info] 
[info] === Deploying to 'safezone-cd4b5'...
[info] 
[info] i  deploying functions 
[debug] [2026-03-17T10:56:29.474Z] Checked if tokens are valid: true, expires at: 1773748587252
[debug] [2026-03-17T10:56:29.474Z] Checked if tokens are valid: true, expires at: 1773748587252
[debug] [2026-03-17T10:56:29.474Z] >>> [apiv2][query] GET https://cloudresourcemanager.googleapis.com/v1/projects/safezone-cd4b5 [none]
[debug] [2026-03-17T10:56:29.686Z] <<< [apiv2][status] GET https://cloudresourcemanager.googleapis.com/v1/projects/safezone-cd4b5 200
[debug] [2026-03-17T10:56:29.687Z] <<< [apiv2][body] GET https://cloudresourcemanager.googleapis.com/v1/projects/safezone-cd4b5 {"projectNumber":"78949340231","projectId":"safezone-cd4b5","lifecycleState":"ACTIVE","name":" safezone","labels":{"firebase":"enabled","firebase-core":"disabled"},"createTime":"2026-03-13T13:12:50.567286Z"}
[info] i  functions: preparing codebase default for deployment 
[info] i  functions: ensuring required API cloudfunctions.googleapis.com is enabled... 
[info] i  functions: ensuring required API cloudbuild.googleapis.com is enabled... 
[info] i  artifactregistry: ensuring required API artifactregistry.googleapis.com is enabled... 
[debug] [2026-03-17T10:56:29.691Z] Checked if tokens are valid: true, expires at: 1773748587252
[debug] [2026-03-17T10:56:29.691Z] Checked if tokens are valid: true, expires at: 1773748587252
[debug] [2026-03-17T10:56:29.691Z] >>> [apiv2][query] GET https://firebase.googleapis.com/v1beta1/projects/safezone-cd4b5/adminSdkConfig [none]
[debug] [2026-03-17T10:56:30.042Z] <<< [apiv2][status] GET https://firebase.googleapis.com/v1beta1/projects/safezone-cd4b5/adminSdkConfig 200
[debug] [2026-03-17T10:56:30.042Z] <<< [apiv2][body] GET https://firebase.googleapis.com/v1beta1/projects/safezone-cd4b5/adminSdkConfig {"projectId":"safezone-cd4b5","databaseURL":"https://safezone-cd4b5-default-rtdb.europe-west1.firebasedatabase.app","storageBucket":"safezone-cd4b5.firebasestorage.app"}
[debug] [2026-03-17T10:56:30.043Z] Checked if tokens are valid: true, expires at: 1773748587252
[debug] [2026-03-17T10:56:30.043Z] Checked if tokens are valid: true, expires at: 1773748587252
[debug] [2026-03-17T10:56:30.043Z] >>> [apiv2][query] GET https://runtimeconfig.googleapis.com/v1beta1/projects/safezone-cd4b5/configs [none]
[debug] [2026-03-17T10:56:30.403Z] <<< [apiv2][status] GET https://runtimeconfig.googleapis.com/v1beta1/projects/safezone-cd4b5/configs 200
[debug] [2026-03-17T10:56:30.403Z] <<< [apiv2][body] GET https://runtimeconfig.googleapis.com/v1beta1/projects/safezone-cd4b5/configs {}
[debug] [2026-03-17T10:56:30.404Z] Validating nodejs source
[warn] !  functions: Runtime Node.js 20 will be deprecated on 2026-04-30 and will be decommissioned on 2026-10-30, after which you will not be able to deploy without upgrading. Consider upgrading now to avoid disruption. See https://cloud.google.com/functions/docs/runtime-support for full details on the lifecycle policy 
[warn] !  functions: package.json indicates an outdated version of firebase-functions. Please upgrade using npm install --save firebase-functions@latest in your functions directory. 
[debug] [2026-03-17T10:56:31.099Z] > [functions] package.json contents: {
  "name": "safezone-functions",
  "description": "SafeZone Firebase Cloud Functions",
  "scripts": {
    "serve": "firebase emulators:start --only functions",
    "shell": "firebase functions:shell",
    "start": "npm run shell",
    "deploy": "firebase deploy --only functions",
    "logs": "firebase functions:log"
  },
  "engines": {
    "node": "20"
  },
  "main": "index.js",
  "dependencies": {
    "axios": "^1.6.2",
    "firebase-admin": "^13.0.0",
    "firebase-functions": "^7.0.0"
  },
  "devDependencies": {
    "firebase-functions-test": "^3.1.0"
  },
  "private": true
}
[debug] [2026-03-17T10:56:31.099Z] Building nodejs source
[info] i  functions: Loading and analyzing source code for codebase default to determine what to deploy 
[debug] [2026-03-17T10:56:31.100Z] Could not find functions.yaml. Must use http discovery
[debug] [2026-03-17T10:56:31.105Z] Found firebase-functions binary at 'C:\safezone_final\functions\node_modules\.bin\firebase-functions'
[info] Serving at port 8665

[debug] [2026-03-17T10:56:31.500Z] Got response from /__/functions.yaml {"endpoints":{"onAlertDetected":{"availableMemoryMb":null,"timeoutSeconds":null,"minInstances":null,"maxInstances":null,"ingressSettings":null,"concurrency":null,"serviceAccountEmail":null,"vpc":null,"platform":"gcfv2","region":["me-west1"],"labels":{},"eventTrigger":{"eventType":"google.cloud.firestore.document.v1.written","eventFilters":{"database":"(default)","namespace":"(default)","document":"_meta/currentAlert"},"eventFilterPathPatterns":{},"retry":false},"entryPoint":"onAlertDetected"},"checkSafeZoneAlerts":{"availableMemoryMb":null,"timeoutSeconds":60,"minInstances":null,"maxInstances":null,"ingressSettings":null,"concurrency":null,"serviceAccountEmail":null,"vpc":null,"platform":"gcfv2","region":["us-central1"],"labels":{},"scheduleTrigger":{"schedule":"every 1 minutes","retryConfig":{}},"entryPoint":"checkSafeZoneAlerts"},"getAlertProxy":{"availableMemoryMb":null,"timeoutSeconds":null,"minInstances":null,"maxInstances":null,"ingressSettings":null,"concurrency":null,"serviceAccountEmail":null,"vpc":null,"platform":"gcfv2","region":["me-west1"],"labels":{},"httpsTrigger":{},"entryPoint":"getAlertProxy"},"testOrefAccess":{"availableMemoryMb":null,"timeoutSeconds":null,"minInstances":null,"maxInstances":null,"ingressSettings":null,"concurrency":null,"serviceAccountEmail":null,"vpc":null,"platform":"gcfv2","region":["me-west1"],"labels":{},"httpsTrigger":{},"entryPoint":"testOrefAccess"},"sendManualAlert":{"availableMemoryMb":null,"timeoutSeconds":null,"minInstances":null,"maxInstances":null,"ingressSettings":null,"concurrency":null,"serviceAccountEmail":null,"vpc":null,"platform":"gcfv2","region":["me-west1"],"labels":{},"httpsTrigger":{},"entryPoint":"sendManualAlert"}},"specVersion":"v1alpha1","requiredAPIs":[{"api":"cloudscheduler.googleapis.com","reason":"Needed for scheduled functions."}],"extensions":{}}
[info] i  extensions: ensuring required API firebaseextensions.googleapis.com is enabled... 
[debug] [2026-03-17T10:56:35.560Z] > command requires scopes: ["email","openid","https://www.googleapis.com/auth/cloudplatformprojects.readonly","https://www.googleapis.com/auth/firebase","https://www.googleapis.com/auth/cloud-platform"]
[debug] [2026-03-17T10:56:35.560Z] > authorizing via signed-in user (eitancoresh69@gmail.com)
[debug] [2026-03-17T10:56:35.560Z] [iam] checking project safezone-cd4b5 for permissions ["firebase.projects.get","firebaseextensions.instances.list"]
[debug] [2026-03-17T10:56:35.560Z] Checked if tokens are valid: true, expires at: 1773748587252
[debug] [2026-03-17T10:56:35.560Z] Checked if tokens are valid: true, expires at: 1773748587252
[debug] [2026-03-17T10:56:35.560Z] >>> [apiv2][query] POST https://cloudresourcemanager.googleapis.com/v1/projects/safezone-cd4b5:testIamPermissions [none]
[debug] [2026-03-17T10:56:35.561Z] >>> [apiv2][(partial)header] POST https://cloudresourcemanager.googleapis.com/v1/projects/safezone-cd4b5:testIamPermissions  x-goog-user-project=safezone-cd4b5
[debug] [2026-03-17T10:56:35.561Z] >>> [apiv2][body] POST https://cloudresourcemanager.googleapis.com/v1/projects/safezone-cd4b5:testIamPermissions {"permissions":["firebase.projects.get","firebaseextensions.instances.list"]}
[debug] [2026-03-17T10:56:36.494Z] <<< [apiv2][status] POST https://cloudresourcemanager.googleapis.com/v1/projects/safezone-cd4b5:testIamPermissions 200
[debug] [2026-03-17T10:56:36.495Z] <<< [apiv2][body] POST https://cloudresourcemanager.googleapis.com/v1/projects/safezone-cd4b5:testIamPermissions {"permissions":["firebase.projects.get","firebaseextensions.instances.list"]}
[debug] [2026-03-17T10:56:36.497Z] Checked if tokens are valid: true, expires at: 1773748587252
[debug] [2026-03-17T10:56:36.497Z] Checked if tokens are valid: true, expires at: 1773748587252
[debug] [2026-03-17T10:56:36.497Z] >>> [apiv2][query] GET https://firebaseextensions.googleapis.com/v1beta/projects/safezone-cd4b5/instances pageSize=100&pageToken=
[debug] [2026-03-17T10:56:37.688Z] <<< [apiv2][status] GET https://firebaseextensions.googleapis.com/v1beta/projects/safezone-cd4b5/instances 200
[debug] [2026-03-17T10:56:37.688Z] <<< [apiv2][body] GET https://firebaseextensions.googleapis.com/v1beta/projects/safezone-cd4b5/instances {}
[info] i  functions: preparing functions directory for uploading... 
[info] i  functions: packaged C:\safezone_final\functions (75.95 KB) for uploading 
[debug] [2026-03-17T10:56:37.742Z] Checked if tokens are valid: true, expires at: 1773748587252
[debug] [2026-03-17T10:56:37.742Z] Checked if tokens are valid: true, expires at: 1773748587252
[debug] [2026-03-17T10:56:37.742Z] >>> [apiv2][query] GET https://cloudfunctions.googleapis.com/v1/projects/safezone-cd4b5/locations/-/functions [none]
[debug] [2026-03-17T10:56:38.835Z] <<< [apiv2][status] GET https://cloudfunctions.googleapis.com/v1/projects/safezone-cd4b5/locations/-/functions 200
[debug] [2026-03-17T10:56:38.835Z] <<< [apiv2][body] GET https://cloudfunctions.googleapis.com/v1/projects/safezone-cd4b5/locations/-/functions {}
[debug] [2026-03-17T10:56:38.835Z] Checked if tokens are valid: true, expires at: 1773748587252
[debug] [2026-03-17T10:56:38.835Z] Checked if tokens are valid: true, expires at: 1773748587252
[debug] [2026-03-17T10:56:38.835Z] >>> [apiv2][query] GET https://cloudfunctions.googleapis.com/v2/projects/safezone-cd4b5/locations/-/functions filter=environment%3D%22GEN_2%22
[debug] [2026-03-17T10:56:40.288Z] <<< [apiv2][status] GET https://cloudfunctions.googleapis.com/v2/projects/safezone-cd4b5/locations/-/functions 200
[debug] [2026-03-17T10:56:40.289Z] <<< [apiv2][body] GET https://cloudfunctions.googleapis.com/v2/projects/safezone-cd4b5/locations/-/functions {"functions":[{"name":"projects/safezone-cd4b5/locations/me-central1/functions/checkSafeZoneAlerts","buildConfig":{"build":"projects/78949340231/locations/me-central1/builds/baeef4a5-80d9-4418-8107-588d4d77316c","runtime":"nodejs20","entryPoint":"checkSafeZoneAlerts","source":{"storageSource":{"bucket":"gcf-v2-sources-78949340231-me-central1","object":"checkSafeZoneAlerts/function-source.zip","generation":"1773515026423529"}},"environmentVariables":{"GOOGLE_NODE_RUN_SCRIPTS":""},"dockerRepository":"projects/safezone-cd4b5/locations/me-central1/repositories/gcf-artifacts","sourceProvenance":{"resolvedStorageSource":{"bucket":"gcf-v2-sources-78949340231-me-central1","object":"checkSafeZoneAlerts/function-source.zip","generation":"1773515026423529"}},"dockerRegistry":"ARTIFACT_REGISTRY","serviceAccount":"projects/safezone-cd4b5/serviceAccounts/78949340231-compute@developer.gserviceaccount.com","automaticUpdatePolicy":{}},"serviceConfig":{"service":"projects/safezone-cd4b5/locations/me-central1/services/checksafezonealerts","timeoutSeconds":60,"environmentVariables":{"FIREBASE_CONFIG":"{\"projectId\":\"safezone-cd4b5\",\"databaseURL\":\"https://safezone-cd4b5-default-rtdb.europe-west1.firebasedatabase.app\",\"storageBucket\":\"safezone-cd4b5.firebasestorage.app\"}","GCLOUD_PROJECT":"safezone-cd4b5","EVENTARC_CLOUD_EVENT_SOURCE":"projects/safezone-cd4b5/locations/me-central1/services/checkSafeZoneAlerts","FUNCTION_TARGET":"checkSafeZoneAlerts","LOG_EXECUTION_ID":"true"},"ingressSettings":"ALLOW_ALL","uri":"https://checksafezonealerts-2espohqsdq-ww.a.run.app","serviceAccountEmail":"78949340231-compute@developer.gserviceaccount.com","availableMemory":"256Mi","allTrafficOnLatestRevision":true,"revision":"checksafezonealerts-00001-jic","maxInstanceRequestConcurrency":80,"availableCpu":"1"},"state":"ACTIVE","updateTime":"2026-03-14T19:05:05.237790599Z","labels":{"firebase-functions-hash":"405e2d4e7673776365900ea450d630d7717d6cf4","deployment-tool":"cli-firebase","deployment-scheduled":"true"},"environment":"GEN_2","url":"https://me-central1-safezone-cd4b5.cloudfunctions.net/checkSafeZoneAlerts","satisfiesPzs":true,"createTime":"2026-03-14T18:59:35.632571406Z","satisfiesPzi":true},{"name":"projects/safezone-cd4b5/locations/me-west1/functions/testOrefAccess","buildConfig":{"build":"projects/78949340231/locations/me-west1/builds/9e6b9eec-cf83-4f33-b151-1e2cb3c9bbcd","runtime":"nodejs20","entryPoint":"testOrefAccess","source":{"storageSource":{"bucket":"gcf-v2-sources-78949340231-me-west1","object":"testOrefAccess/function-source.zip","generation":"1773736530217389"}},"environmentVariables":{"GOOGLE_NODE_RUN_SCRIPTS":""},"dockerRepository":"projects/safezone-cd4b5/locations/me-west1/repositories/gcf-artifacts","sourceProvenance":{"resolvedStorageSource":{"bucket":"gcf-v2-sources-78949340231-me-west1","object":"testOrefAccess/function-source.zip","generation":"1773736530217389"}},"dockerRegistry":"ARTIFACT_REGISTRY","serviceAccount":"projects/safezone-cd4b5/serviceAccounts/78949340231-compute@developer.gserviceaccount.com","automaticUpdatePolicy":{}},"serviceConfig":{"service":"projects/safezone-cd4b5/locations/me-west1/services/testorefaccess","timeoutSeconds":60,"environmentVariables":{"FIREBASE_CONFIG":"{\"projectId\":\"safezone-cd4b5\",\"databaseURL\":\"https://safezone-cd4b5-default-rtdb.europe-west1.firebasedatabase.app\",\"storageBucket\":\"safezone-cd4b5.firebasestorage.app\"}","GCLOUD_PROJECT":"safezone-cd4b5","EVENTARC_CLOUD_EVENT_SOURCE":"projects/safezone-cd4b5/locations/me-west1/services/testOrefAccess","FUNCTION_TARGET":"testOrefAccess","LOG_EXECUTION_ID":"true","FUNCTION_SIGNATURE_TYPE":"http"},"maxInstanceCount":20,"ingressSettings":"ALLOW_ALL","uri":"https://testorefaccess-2espohqsdq-zf.a.run.app","serviceAccountEmail":"78949340231-compute@developer.gserviceaccount.com","availableMemory":"256Mi","allTrafficOnLatestRevision":true,"revision":"testorefaccess-00004-nav","maxInstanceRequestConcurrency":80,"availableCpu":"1"},"state":"ACTIVE","updateTime":"2026-03-17T08:35:37.881076134Z","labels":{"firebase-functions-hash":"328b847b4560a2f8b2ce600f4e90a03cece4fd28","deployment-tool":"cli-firebase"},"environment":"GEN_2","url":"https://me-west1-safezone-cd4b5.cloudfunctions.net/testOrefAccess","satisfiesPzs":true,"createTime":"2026-03-16T19:48:53.256898581Z","satisfiesPzi":true},{"name":"projects/safezone-cd4b5/locations/me-west1/functions/checkSafeZoneAlerts","buildConfig":{"build":"projects/78949340231/locations/me-west1/builds/fc3639f9-44df-4d64-987d-d36e3e495c9c","runtime":"nodejs20","entryPoint":"checkSafeZoneAlerts","source":{"storageSource":{"bucket":"gcf-v2-sources-78949340231-me-west1","object":"checkSafeZoneAlerts/function-source.zip","generation":"1773690982325248"}},"environmentVariables":{"GOOGLE_NODE_RUN_SCRIPTS":""},"dockerRepository":"projects/safezone-cd4b5/locations/me-west1/repositories/gcf-artifacts","sourceProvenance":{"resolvedStorageSource":{"bucket":"gcf-v2-sources-78949340231-me-west1","object":"checkSafeZoneAlerts/function-source.zip","generation":"1773690982325248"}},"dockerRegistry":"ARTIFACT_REGISTRY","serviceAccount":"projects/safezone-cd4b5/serviceAccounts/78949340231-compute@developer.gserviceaccount.com","automaticUpdatePolicy":{}},"serviceConfig":{"service":"projects/safezone-cd4b5/locations/me-west1/services/checksafezonealerts","timeoutSeconds":120,"environmentVariables":{"FIREBASE_CONFIG":"{\"projectId\":\"safezone-cd4b5\",\"databaseURL\":\"https://safezone-cd4b5-default-rtdb.europe-west1.firebasedatabase.app\",\"storageBucket\":\"safezone-cd4b5.firebasestorage.app\"}","GCLOUD_PROJECT":"safezone-cd4b5","EVENTARC_CLOUD_EVENT_SOURCE":"projects/safezone-cd4b5/locations/me-west1/services/checkSafeZoneAlerts","FUNCTION_TARGET":"checkSafeZoneAlerts","LOG_EXECUTION_ID":"true","FUNCTION_SIGNATURE_TYPE":"http"},"maxInstanceCount":20,"ingressSettings":"ALLOW_ALL","uri":"https://checksafezonealerts-2espohqsdq-zf.a.run.app","serviceAccountEmail":"78949340231-compute@developer.gserviceaccount.com","availableMemory":"256Mi","allTrafficOnLatestRevision":true,"revision":"checksafezonealerts-00003-tew","maxInstanceRequestConcurrency":80,"availableCpu":"1"},"state":"ACTIVE","updateTime":"2026-03-16T19:56:29.731137365Z","labels":{"deployment-tool":"cli-firebase","deployment-scheduled":"true","firebase-functions-hash":"0469e2a58838c750d68757fd3957a8b61d6fa11b"},"environment":"GEN_2","url":"https://me-west1-safezone-cd4b5.cloudfunctions.net/checkSafeZoneAlerts","satisfiesPzs":true,"createTime":"2026-03-16T07:38:07.182623278Z","satisfiesPzi":true},{"name":"projects/safezone-cd4b5/locations/me-west1/functions/sendManualAlert","buildConfig":{"build":"projects/78949340231/locations/me-west1/builds/9e6b9eec-cf83-4f33-b151-1e2cb3c9bbcd","runtime":"nodejs20","entryPoint":"sendManualAlert","source":{"storageSource":{"bucket":"gcf-v2-sources-78949340231-me-west1","object":"sendManualAlert/function-source.zip","generation":"1773736530215611"}},"environmentVariables":{"GOOGLE_NODE_RUN_SCRIPTS":""},"dockerRepository":"projects/safezone-cd4b5/locations/me-west1/repositories/gcf-artifacts","sourceProvenance":{"resolvedStorageSource":{"bucket":"gcf-v2-sources-78949340231-me-west1","object":"sendManualAlert/function-source.zip","generation":"1773736530215611"}},"dockerRegistry":"ARTIFACT_REGISTRY","serviceAccount":"projects/safezone-cd4b5/serviceAccounts/78949340231-compute@developer.gserviceaccount.com","automaticUpdatePolicy":{}},"serviceConfig":{"service":"projects/safezone-cd4b5/locations/me-west1/services/sendmanualalert","timeoutSeconds":60,"environmentVariables":{"FIREBASE_CONFIG":"{\"projectId\":\"safezone-cd4b5\",\"databaseURL\":\"https://safezone-cd4b5-default-rtdb.europe-west1.firebasedatabase.app\",\"storageBucket\":\"safezone-cd4b5.firebasestorage.app\"}","GCLOUD_PROJECT":"safezone-cd4b5","EVENTARC_CLOUD_EVENT_SOURCE":"projects/safezone-cd4b5/locations/me-west1/services/sendManualAlert","FUNCTION_TARGET":"sendManualAlert","LOG_EXECUTION_ID":"true","FUNCTION_SIGNATURE_TYPE":"http"},"maxInstanceCount":20,"ingressSettings":"ALLOW_ALL","uri":"https://sendmanualalert-2espohqsdq-zf.a.run.app","serviceAccountEmail":"78949340231-compute@developer.gserviceaccount.com","availableMemory":"256Mi","allTrafficOnLatestRevision":true,"revision":"sendmanualalert-00004-yip","maxInstanceRequestConcurrency":80,"availableCpu":"1"},"state":"ACTIVE","updateTime":"2026-03-17T08:35:36.675016677Z","labels":{"deployment-tool":"cli-firebase","firebase-functions-hash":"328b847b4560a2f8b2ce600f4e90a03cece4fd28"},"environment":"GEN_2","url":"https://me-west1-safezone-cd4b5.cloudfunctions.net/sendManualAlert","satisfiesPzs":true,"createTime":"2026-03-16T07:38:07.340905786Z","satisfiesPzi":true},{"name":"projects/safezone-cd4b5/locations/me-west1/functions/onAlertDetected","buildConfig":{"build":"projects/78949340231/locations/me-west1/builds/9e6b9eec-cf83-4f33-b151-1e2cb3c9bbcd","runtime":"nodejs20","entryPoint":"onAlertDetected","source":{"storageSource":{"bucket":"gcf-v2-sources-78949340231-me-west1","object":"onAlertDetected/function-source.zip","generation":"1773736489115248"}},"environmentVariables":{"GOOGLE_NODE_RUN_SCRIPTS":""},"dockerRepository":"projects/safezone-cd4b5/locations/me-west1/repositories/gcf-artifacts","sourceProvenance":{"resolvedStorageSource":{"bucket":"gcf-v2-sources-78949340231-me-west1","object":"onAlertDetected/function-source.zip","generation":"1773736489115248"}},"dockerRegistry":"ARTIFACT_REGISTRY","serviceAccount":"projects/safezone-cd4b5/serviceAccounts/78949340231-compute@developer.gserviceaccount.com","automaticUpdatePolicy":{}},"serviceConfig":{"service":"projects/safezone-cd4b5/locations/me-west1/services/onalertdetected","timeoutSeconds":60,"environmentVariables":{"FIREBASE_CONFIG":"{\"projectId\":\"safezone-cd4b5\",\"databaseURL\":\"https://safezone-cd4b5-default-rtdb.europe-west1.firebasedatabase.app\",\"storageBucket\":\"safezone-cd4b5.firebasestorage.app\"}","GCLOUD_PROJECT":"safezone-cd4b5","EVENTARC_CLOUD_EVENT_SOURCE":"projects/safezone-cd4b5/locations/me-west1/services/onAlertDetected","FUNCTION_SIGNATURE_TYPE":"cloudevent","FUNCTION_TARGET":"onAlertDetected","LOG_EXECUTION_ID":"true"},"maxInstanceCount":20,"ingressSettings":"ALLOW_ALL","uri":"https://onalertdetected-2espohqsdq-zf.a.run.app","serviceAccountEmail":"78949340231-compute@developer.gserviceaccount.com","availableMemory":"256Mi","allTrafficOnLatestRevision":true,"revision":"onalertdetected-00004-hup","maxInstanceRequestConcurrency":80,"availableCpu":"1"},"eventTrigger":{"trigger":"projects/safezone-cd4b5/locations/eur3/triggers/onalertdetected-116582","triggerRegion":"eur3","eventType":"google.cloud.firestore.document.v1.written","eventFilters":[{"attribute":"database","value":"(default)"},{"attribute":"namespace","value":"(default)"},{"attribute":"document","value":"_meta/currentAlert"}],"pubsubTopic":"projects/safezone-cd4b5/topics/eventarc-eur3-onalertdetected-116582-539","serviceAccountEmail":"78949340231-compute@developer.gserviceaccount.com","retryPolicy":"RETRY_POLICY_DO_NOT_RETRY"},"state":"ACTIVE","updateTime":"2026-03-17T08:35:36.663316454Z","labels":{"deployment-tool":"cli-firebase","firebase-functions-hash":"328b847b4560a2f8b2ce600f4e90a03cece4fd28"},"environment":"GEN_2","url":"https://me-west1-safezone-cd4b5.cloudfunctions.net/onAlertDetected","satisfiesPzs":true,"createTime":"2026-03-16T19:48:02.301512959Z","satisfiesPzi":true},{"name":"projects/safezone-cd4b5/locations/me-west1/functions/getAlertProxy","buildConfig":{"build":"projects/78949340231/locations/me-west1/builds/9e6b9eec-cf83-4f33-b151-1e2cb3c9bbcd","runtime":"nodejs20","entryPoint":"getAlertProxy","source":{"storageSource":{"bucket":"gcf-v2-sources-78949340231-me-west1","object":"getAlertProxy/function-source.zip","generation":"1773736530092335"}},"environmentVariables":{"GOOGLE_NODE_RUN_SCRIPTS":""},"dockerRepository":"projects/safezone-cd4b5/locations/me-west1/repositories/gcf-artifacts","sourceProvenance":{"resolvedStorageSource":{"bucket":"gcf-v2-sources-78949340231-me-west1","object":"getAlertProxy/function-source.zip","generation":"1773736530092335"}},"dockerRegistry":"ARTIFACT_REGISTRY","serviceAccount":"projects/safezone-cd4b5/serviceAccounts/78949340231-compute@developer.gserviceaccount.com","automaticUpdatePolicy":{}},"serviceConfig":{"service":"projects/safezone-cd4b5/locations/me-west1/services/getalertproxy","timeoutSeconds":60,"environmentVariables":{"FIREBASE_CONFIG":"{\"projectId\":\"safezone-cd4b5\",\"databaseURL\":\"https://safezone-cd4b5-default-rtdb.europe-west1.firebasedatabase.app\",\"storageBucket\":\"safezone-cd4b5.firebasestorage.app\"}","GCLOUD_PROJECT":"safezone-cd4b5","EVENTARC_CLOUD_EVENT_SOURCE":"projects/safezone-cd4b5/locations/me-west1/services/getAlertProxy","FUNCTION_TARGET":"getAlertProxy","LOG_EXECUTION_ID":"true","FUNCTION_SIGNATURE_TYPE":"http"},"maxInstanceCount":20,"ingressSettings":"ALLOW_ALL","uri":"https://getalertproxy-2espohqsdq-zf.a.run.app","serviceAccountEmail":"78949340231-compute@developer.gserviceaccount.com","availableMemory":"256Mi","allTrafficOnLatestRevision":true,"revision":"getalertproxy-00004-wol","maxInstanceRequestConcurrency":80,"availableCpu":"1"},"state":"ACTIVE","updateTime":"2026-03-17T08:35:37.528221261Z","labels":{"firebase-functions-hash":"328b847b4560a2f8b2ce600f4e90a03cece4fd28","deployment-tool":"cli-firebase"},"environment":"GEN_2","url":"https://me-west1-safezone-cd4b5.cloudfunctions.net/getAlertProxy","satisfiesPzs":true,"createTime":"2026-03-16T19:48:53.194435326Z","satisfiesPzi":true},{"name":"projects/safezone-cd4b5/locations/us-central1/functions/checkSafeZoneAlerts","buildConfig":{"build":"projects/78949340231/locations/us-central1/builds/309d2fd9-c87b-4319-bd2d-49c20c30f1ac","runtime":"nodejs20","entryPoint":"checkSafeZoneAlerts","source":{"storageSource":{"bucket":"gcf-v2-sources-78949340231-us-central1","object":"checkSafeZoneAlerts/function-source.zip","generation":"1773736491111895"}},"environmentVariables":{"GOOGLE_NODE_RUN_SCRIPTS":""},"dockerRepository":"projects/safezone-cd4b5/locations/us-central1/repositories/gcf-artifacts","sourceProvenance":{"resolvedStorageSource":{"bucket":"gcf-v2-sources-78949340231-us-central1","object":"checkSafeZoneAlerts/function-source.zip","generation":"1773736491111895"}},"dockerRegistry":"ARTIFACT_REGISTRY","serviceAccount":"projects/safezone-cd4b5/serviceAccounts/78949340231-compute@developer.gserviceaccount.com","automaticUpdatePolicy":{}},"serviceConfig":{"service":"projects/safezone-cd4b5/locations/us-central1/services/checksafezonealerts","timeoutSeconds":60,"environmentVariables":{"FIREBASE_CONFIG":"{\"projectId\":\"safezone-cd4b5\",\"databaseURL\":\"https://safezone-cd4b5-default-rtdb.europe-west1.firebasedatabase.app\",\"storageBucket\":\"safezone-cd4b5.firebasestorage.app\"}","GCLOUD_PROJECT":"safezone-cd4b5","EVENTARC_CLOUD_EVENT_SOURCE":"projects/safezone-cd4b5/locations/us-central1/services/checkSafeZoneAlerts","FUNCTION_TARGET":"checkSafeZoneAlerts","LOG_EXECUTION_ID":"true"},"maxInstanceCount":20,"ingressSettings":"ALLOW_ALL","uri":"https://checksafezonealerts-2espohqsdq-uc.a.run.app","serviceAccountEmail":"78949340231-compute@developer.gserviceaccount.com","availableMemory":"256Mi","allTrafficOnLatestRevision":true,"revision":"checksafezonealerts-00002-vaw","maxInstanceRequestConcurrency":80,"availableCpu":"1"},"state":"ACTIVE","updateTime":"2026-03-17T08:35:49.341858715Z","labels":{"deployment-tool":"cli-firebase","deployment-scheduled":"true","firebase-functions-hash":"328b847b4560a2f8b2ce600f4e90a03cece4fd28"},"environment":"GEN_2","url":"https://us-central1-safezone-cd4b5.cloudfunctions.net/checkSafeZoneAlerts","createTime":"2026-03-16T20:41:19.937790996Z","satisfiesPzi":true}]}
[debug] [2026-03-17T10:56:40.293Z] Checked if tokens are valid: true, expires at: 1773748587252
[debug] [2026-03-17T10:56:40.293Z] Checked if tokens are valid: true, expires at: 1773748587252
[debug] [2026-03-17T10:56:40.293Z] >>> [apiv2][query] GET https://firestore.googleapis.com/v1/projects/safezone-cd4b5/databases/(default) [none]
[debug] [2026-03-17T10:56:40.766Z] <<< [apiv2][status] GET https://firestore.googleapis.com/v1/projects/safezone-cd4b5/databases/(default) 200
[debug] [2026-03-17T10:56:40.767Z] <<< [apiv2][body] GET https://firestore.googleapis.com/v1/projects/safezone-cd4b5/databases/(default) {"name":"projects/safezone-cd4b5/databases/(default)","uid":"38a27679-fbd5-4e3c-a126-cb5c4b3131f6","createTime":"2026-03-14T15:09:42.759604Z","updateTime":"2026-03-14T15:09:42.759604Z","locationId":"eur3","type":"FIRESTORE_NATIVE","concurrencyMode":"PESSIMISTIC","versionRetentionPeriod":"3600s","earliestVersionTime":"2026-03-17T09:56:40.684353Z","appEngineIntegrationMode":"DISABLED","keyPrefix":"e","pointInTimeRecoveryEnablement":"POINT_IN_TIME_RECOVERY_DISABLED","deleteProtectionState":"DELETE_PROTECTION_DISABLED","databaseEdition":"STANDARD","freeTier":true,"realtimeUpdatesMode":"REALTIME_UPDATES_MODE_ENABLED","etag":"IM6xwIXjppMDMOCu+KbWn5MD"}
[info] i  functions: ensuring required API cloudscheduler.googleapis.com is enabled... 
[info] i  functions: ensuring required API run.googleapis.com is enabled... 
[info] i  functions: ensuring required API eventarc.googleapis.com is enabled... 
[info] i  functions: ensuring required API pubsub.googleapis.com is enabled... 
[info] i  functions: ensuring required API storage.googleapis.com is enabled... 
[info] i  functions: generating the service identity for pubsub.googleapis.com... 
[debug] [2026-03-17T10:56:40.770Z] Checked if tokens are valid: true, expires at: 1773748587252
[debug] [2026-03-17T10:56:40.770Z] Checked if tokens are valid: true, expires at: 1773748587252
[info] i  functions: generating the service identity for eventarc.googleapis.com... 
[debug] [2026-03-17T10:56:40.770Z] Checked if tokens are valid: true, expires at: 1773748587252
[debug] [2026-03-17T10:56:40.770Z] Checked if tokens are valid: true, expires at: 1773748587252
[debug] [2026-03-17T10:56:40.770Z] >>> [apiv2][query] POST https://serviceusage.googleapis.com/v1beta1/projects/78949340231/services/pubsub.googleapis.com:generateServiceIdentity [none]
[debug] [2026-03-17T10:56:40.770Z] >>> [apiv2][(partial)header] POST https://serviceusage.googleapis.com/v1beta1/projects/78949340231/services/pubsub.googleapis.com:generateServiceIdentity  x-goog-user-project=78949340231
[debug] [2026-03-17T10:56:40.770Z] >>> [apiv2][body] POST https://serviceusage.googleapis.com/v1beta1/projects/78949340231/services/pubsub.googleapis.com:generateServiceIdentity {}
[debug] [2026-03-17T10:56:40.771Z] >>> [apiv2][query] POST https://serviceusage.googleapis.com/v1beta1/projects/78949340231/services/eventarc.googleapis.com:generateServiceIdentity [none]
[debug] [2026-03-17T10:56:40.771Z] >>> [apiv2][(partial)header] POST https://serviceusage.googleapis.com/v1beta1/projects/78949340231/services/eventarc.googleapis.com:generateServiceIdentity  x-goog-user-project=78949340231
[debug] [2026-03-17T10:56:40.771Z] >>> [apiv2][body] POST https://serviceusage.googleapis.com/v1beta1/projects/78949340231/services/eventarc.googleapis.com:generateServiceIdentity {}
[debug] [2026-03-17T10:56:41.884Z] <<< [apiv2][status] POST https://serviceusage.googleapis.com/v1beta1/projects/78949340231/services/pubsub.googleapis.com:generateServiceIdentity 200
[debug] [2026-03-17T10:56:41.884Z] <<< [apiv2][body] POST https://serviceusage.googleapis.com/v1beta1/projects/78949340231/services/pubsub.googleapis.com:generateServiceIdentity {"name":"operations/finished.DONE_OPERATION","done":true,"response":{"@type":"type.googleapis.com/google.api.serviceusage.v1beta1.ServiceIdentity","email":"service-78949340231@gcp-sa-pubsub.iam.gserviceaccount.com","uniqueId":"101635526209395071783"}}
[debug] [2026-03-17T10:56:41.903Z] <<< [apiv2][status] POST https://serviceusage.googleapis.com/v1beta1/projects/78949340231/services/eventarc.googleapis.com:generateServiceIdentity 200
[debug] [2026-03-17T10:56:41.903Z] <<< [apiv2][body] POST https://serviceusage.googleapis.com/v1beta1/projects/78949340231/services/eventarc.googleapis.com:generateServiceIdentity {"name":"operations/finished.DONE_OPERATION","done":true,"response":{"@type":"type.googleapis.com/google.api.serviceusage.v1beta1.ServiceIdentity","email":"service-78949340231@gcp-sa-eventarc.iam.gserviceaccount.com","uniqueId":"110707284905222918713"}}
[debug] [2026-03-17T10:56:41.904Z] Checked if tokens are valid: true, expires at: 1773748587252
[debug] [2026-03-17T10:56:41.904Z] Checked if tokens are valid: true, expires at: 1773748587252
[debug] [2026-03-17T10:56:41.905Z] >>> [apiv2][query] GET https://cloudresourcemanager.googleapis.com/v1/projects/safezone-cd4b5 [none]
[debug] [2026-03-17T10:56:42.154Z] <<< [apiv2][status] GET https://cloudresourcemanager.googleapis.com/v1/projects/safezone-cd4b5 200
[debug] [2026-03-17T10:56:42.154Z] <<< [apiv2][body] GET https://cloudresourcemanager.googleapis.com/v1/projects/safezone-cd4b5 {"projectNumber":"78949340231","projectId":"safezone-cd4b5","lifecycleState":"ACTIVE","name":" safezone","labels":{"firebase":"enabled","firebase-core":"disabled"},"createTime":"2026-03-13T13:12:50.567286Z"}
[debug] [2026-03-17T10:56:42.155Z] Checked if tokens are valid: true, expires at: 1773748587252
[debug] [2026-03-17T10:56:42.155Z] Checked if tokens are valid: true, expires at: 1773748587252
[debug] [2026-03-17T10:56:42.155Z] >>> [apiv2][query] GET https://compute.googleapis.com/compute/v1/projects/78949340231 [none]
[debug] [2026-03-17T10:56:42.435Z] <<< [apiv2][status] GET https://compute.googleapis.com/compute/v1/projects/78949340231 403
[debug] [2026-03-17T10:56:42.435Z] <<< [apiv2][body] GET https://compute.googleapis.com/compute/v1/projects/78949340231 {"error":{"code":403,"message":"Compute Engine API has not been used in project 78949340231 before or it is disabled. Enable it by visiting https://console.developers.google.com/apis/api/compute.googleapis.com/overview?project=78949340231 then retry. If you enabled this API recently, wait a few minutes for the action to propagate to our systems and retry.","errors":[{"message":"Compute Engine API has not been used in project 78949340231 before or it is disabled. Enable it by visiting https://console.developers.google.com/apis/api/compute.googleapis.com/overview?project=78949340231 then retry. If you enabled this API recently, wait a few minutes for the action to propagate to our systems and retry.","domain":"usageLimits","reason":"accessNotConfigured","extendedHelp":"https://console.developers.google.com"}],"status":"PERMISSION_DENIED","details":[{"@type":"type.googleapis.com/google.rpc.ErrorInfo","reason":"SERVICE_DISABLED","domain":"googleapis.com","metadata":{"service":"compute.googleapis.com","consumer":"projects/78949340231","activationUrl":"https://console.developers.google.com/apis/api/compute.googleapis.com/overview?project=78949340231","containerInfo":"78949340231","serviceTitle":"Compute Engine API"}},{"@type":"type.googleapis.com/google.rpc.LocalizedMessage","locale":"en-US","message":"Compute Engine API has not been used in project 78949340231 before or it is disabled. Enable it by visiting https://console.developers.google.com/apis/api/compute.googleapis.com/overview?project=78949340231 then retry. If you enabled this API recently, wait a few minutes for the action to propagate to our systems and retry."},{"@type":"type.googleapis.com/google.rpc.Help","links":[{"description":"Google developers console API activation","url":"https://console.developers.google.com/apis/api/compute.googleapis.com/overview?project=78949340231"}]}]}}
[debug] [2026-03-17T10:56:42.437Z] unable to look up default compute service account. Falling back to 78949340231-compute@developer.gserviceaccount.com. Error: {"name":"FirebaseError","children":[],"context":{"body":{"error":{"code":403,"message":"Compute Engine API has not been used in project 78949340231 before or it is disabled. Enable it by visiting https://console.developers.google.com/apis/api/compute.googleapis.com/overview?project=78949340231 then retry. If you enabled this API recently, wait a few minutes for the action to propagate to our systems and retry.","errors":[{"message":"Compute Engine API has not been used in project 78949340231 before or it is disabled. Enable it by visiting https://console.developers.google.com/apis/api/compute.googleapis.com/overview?project=78949340231 then retry. If you enabled this API recently, wait a few minutes for the action to propagate to our systems and retry.","domain":"usageLimits","reason":"accessNotConfigured","extendedHelp":"https://console.developers.google.com"}],"status":"PERMISSION_DENIED","details":[{"@type":"type.googleapis.com/google.rpc.ErrorInfo","reason":"SERVICE_DISABLED","domain":"googleapis.com","metadata":{"service":"compute.googleapis.com","consumer":"projects/78949340231","activationUrl":"https://console.developers.google.com/apis/api/compute.googleapis.com/overview?project=78949340231","containerInfo":"78949340231","serviceTitle":"Compute Engine API"}},{"@type":"type.googleapis.com/google.rpc.LocalizedMessage","locale":"en-US","message":"Compute Engine API has not been used in project 78949340231 before or it is disabled. Enable it by visiting https://console.developers.google.com/apis/api/compute.googleapis.com/overview?project=78949340231 then retry. If you enabled this API recently, wait a few minutes for the action to propagate to our systems and retry."},{"@type":"type.googleapis.com/google.rpc.Help","links":[{"description":"Google developers console API activation","url":"https://console.developers.google.com/apis/api/compute.googleapis.com/overview?project=78949340231"}]}]}},"response":{"statusCode":403}},"exit":1,"message":"Request to https://compute.googleapis.com/compute/v1/projects/78949340231 had HTTP Error: 403, Compute Engine API has not been used in project 78949340231 before or it is disabled. Enable it by visiting https://console.developers.google.com/apis/api/compute.googleapis.com/overview?project=78949340231 then retry. If you enabled this API recently, wait a few minutes for the action to propagate to our systems and retry.","status":403}
[debug] [2026-03-17T10:56:42.438Z] Checked if tokens are valid: true, expires at: 1773748587252
[debug] [2026-03-17T10:56:42.438Z] Checked if tokens are valid: true, expires at: 1773748587252
[debug] [2026-03-17T10:56:42.438Z] >>> [apiv2][query] GET https://compute.googleapis.com/compute/v1/projects/78949340231 [none]
[debug] [2026-03-17T10:56:42.628Z] <<< [apiv2][status] GET https://compute.googleapis.com/compute/v1/projects/78949340231 403
[debug] [2026-03-17T10:56:42.629Z] <<< [apiv2][body] GET https://compute.googleapis.com/compute/v1/projects/78949340231 {"error":{"code":403,"message":"Compute Engine API has not been used in project 78949340231 before or it is disabled. Enable it by visiting https://console.developers.google.com/apis/api/compute.googleapis.com/overview?project=78949340231 then retry. If you enabled this API recently, wait a few minutes for the action to propagate to our systems and retry.","errors":[{"message":"Compute Engine API has not been used in project 78949340231 before or it is disabled. Enable it by visiting https://console.developers.google.com/apis/api/compute.googleapis.com/overview?project=78949340231 then retry. If you enabled this API recently, wait a few minutes for the action to propagate to our systems and retry.","domain":"usageLimits","reason":"accessNotConfigured","extendedHelp":"https://console.developers.google.com"}],"status":"PERMISSION_DENIED","details":[{"@type":"type.googleapis.com/google.rpc.ErrorInfo","reason":"SERVICE_DISABLED","domain":"googleapis.com","metadata":{"consumer":"projects/78949340231","containerInfo":"78949340231","activationUrl":"https://console.developers.google.com/apis/api/compute.googleapis.com/overview?project=78949340231","service":"compute.googleapis.com","serviceTitle":"Compute Engine API"}},{"@type":"type.googleapis.com/google.rpc.LocalizedMessage","locale":"en-US","message":"Compute Engine API has not been used in project 78949340231 before or it is disabled. Enable it by visiting https://console.developers.google.com/apis/api/compute.googleapis.com/overview?project=78949340231 then retry. If you enabled this API recently, wait a few minutes for the action to propagate to our systems and retry."},{"@type":"type.googleapis.com/google.rpc.Help","links":[{"description":"Google developers console API activation","url":"https://console.developers.google.com/apis/api/compute.googleapis.com/overview?project=78949340231"}]}]}}
[debug] [2026-03-17T10:56:42.629Z] unable to look up default compute service account. Falling back to 78949340231-compute@developer.gserviceaccount.com. Error: {"name":"FirebaseError","children":[],"context":{"body":{"error":{"code":403,"message":"Compute Engine API has not been used in project 78949340231 before or it is disabled. Enable it by visiting https://console.developers.google.com/apis/api/compute.googleapis.com/overview?project=78949340231 then retry. If you enabled this API recently, wait a few minutes for the action to propagate to our systems and retry.","errors":[{"message":"Compute Engine API has not been used in project 78949340231 before or it is disabled. Enable it by visiting https://console.developers.google.com/apis/api/compute.googleapis.com/overview?project=78949340231 then retry. If you enabled this API recently, wait a few minutes for the action to propagate to our systems and retry.","domain":"usageLimits","reason":"accessNotConfigured","extendedHelp":"https://console.developers.google.com"}],"status":"PERMISSION_DENIED","details":[{"@type":"type.googleapis.com/google.rpc.ErrorInfo","reason":"SERVICE_DISABLED","domain":"googleapis.com","metadata":{"consumer":"projects/78949340231","containerInfo":"78949340231","activationUrl":"https://console.developers.google.com/apis/api/compute.googleapis.com/overview?project=78949340231","service":"compute.googleapis.com","serviceTitle":"Compute Engine API"}},{"@type":"type.googleapis.com/google.rpc.LocalizedMessage","locale":"en-US","message":"Compute Engine API has not been used in project 78949340231 before or it is disabled. Enable it by visiting https://console.developers.google.com/apis/api/compute.googleapis.com/overview?project=78949340231 then retry. If you enabled this API recently, wait a few minutes for the action to propagate to our systems and retry."},{"@type":"type.googleapis.com/google.rpc.Help","links":[{"description":"Google developers console API activation","url":"https://console.developers.google.com/apis/api/compute.googleapis.com/overview?project=78949340231"}]}]}},"response":{"statusCode":403}},"exit":1,"message":"Request to https://compute.googleapis.com/compute/v1/projects/78949340231 had HTTP Error: 403, Compute Engine API has not been used in project 78949340231 before or it is disabled. Enable it by visiting https://console.developers.google.com/apis/api/compute.googleapis.com/overview?project=78949340231 then retry. If you enabled this API recently, wait a few minutes for the action to propagate to our systems and retry.","status":403}
[debug] [2026-03-17T10:56:42.630Z] Checked if tokens are valid: true, expires at: 1773748587252
[debug] [2026-03-17T10:56:42.630Z] Checked if tokens are valid: true, expires at: 1773748587252
[debug] [2026-03-17T10:56:42.630Z] >>> [apiv2][query] GET https://compute.googleapis.com/compute/v1/projects/78949340231 [none]
[debug] [2026-03-17T10:56:42.807Z] <<< [apiv2][status] GET https://compute.googleapis.com/compute/v1/projects/78949340231 403
[debug] [2026-03-17T10:56:42.807Z] <<< [apiv2][body] GET https://compute.googleapis.com/compute/v1/projects/78949340231 {"error":{"code":403,"message":"Compute Engine API has not been used in project 78949340231 before or it is disabled. Enable it by visiting https://console.developers.google.com/apis/api/compute.googleapis.com/overview?project=78949340231 then retry. If you enabled this API recently, wait a few minutes for the action to propagate to our systems and retry.","errors":[{"message":"Compute Engine API has not been used in project 78949340231 before or it is disabled. Enable it by visiting https://console.developers.google.com/apis/api/compute.googleapis.com/overview?project=78949340231 then retry. If you enabled this API recently, wait a few minutes for the action to propagate to our systems and retry.","domain":"usageLimits","reason":"accessNotConfigured","extendedHelp":"https://console.developers.google.com"}],"status":"PERMISSION_DENIED","details":[{"@type":"type.googleapis.com/google.rpc.ErrorInfo","reason":"SERVICE_DISABLED","domain":"googleapis.com","metadata":{"consumer":"projects/78949340231","service":"compute.googleapis.com","serviceTitle":"Compute Engine API","containerInfo":"78949340231","activationUrl":"https://console.developers.google.com/apis/api/compute.googleapis.com/overview?project=78949340231"}},{"@type":"type.googleapis.com/google.rpc.LocalizedMessage","locale":"en-US","message":"Compute Engine API has not been used in project 78949340231 before or it is disabled. Enable it by visiting https://console.developers.google.com/apis/api/compute.googleapis.com/overview?project=78949340231 then retry. If you enabled this API recently, wait a few minutes for the action to propagate to our systems and retry."},{"@type":"type.googleapis.com/google.rpc.Help","links":[{"description":"Google developers console API activation","url":"https://console.developers.google.com/apis/api/compute.googleapis.com/overview?project=78949340231"}]}]}}
[debug] [2026-03-17T10:56:42.807Z] unable to look up default compute service account. Falling back to 78949340231-compute@developer.gserviceaccount.com. Error: {"name":"FirebaseError","children":[],"context":{"body":{"error":{"code":403,"message":"Compute Engine API has not been used in project 78949340231 before or it is disabled. Enable it by visiting https://console.developers.google.com/apis/api/compute.googleapis.com/overview?project=78949340231 then retry. If you enabled this API recently, wait a few minutes for the action to propagate to our systems and retry.","errors":[{"message":"Compute Engine API has not been used in project 78949340231 before or it is disabled. Enable it by visiting https://console.developers.google.com/apis/api/compute.googleapis.com/overview?project=78949340231 then retry. If you enabled this API recently, wait a few minutes for the action to propagate to our systems and retry.","domain":"usageLimits","reason":"accessNotConfigured","extendedHelp":"https://console.developers.google.com"}],"status":"PERMISSION_DENIED","details":[{"@type":"type.googleapis.com/google.rpc.ErrorInfo","reason":"SERVICE_DISABLED","domain":"googleapis.com","metadata":{"consumer":"projects/78949340231","service":"compute.googleapis.com","serviceTitle":"Compute Engine API","containerInfo":"78949340231","activationUrl":"https://console.developers.google.com/apis/api/compute.googleapis.com/overview?project=78949340231"}},{"@type":"type.googleapis.com/google.rpc.LocalizedMessage","locale":"en-US","message":"Compute Engine API has not been used in project 78949340231 before or it is disabled. Enable it by visiting https://console.developers.google.com/apis/api/compute.googleapis.com/overview?project=78949340231 then retry. If you enabled this API recently, wait a few minutes for the action to propagate to our systems and retry."},{"@type":"type.googleapis.com/google.rpc.Help","links":[{"description":"Google developers console API activation","url":"https://console.developers.google.com/apis/api/compute.googleapis.com/overview?project=78949340231"}]}]}},"response":{"statusCode":403}},"exit":1,"message":"Request to https://compute.googleapis.com/compute/v1/projects/78949340231 had HTTP Error: 403, Compute Engine API has not been used in project 78949340231 before or it is disabled. Enable it by visiting https://console.developers.google.com/apis/api/compute.googleapis.com/overview?project=78949340231 then retry. If you enabled this API recently, wait a few minutes for the action to propagate to our systems and retry.","status":403}
[debug] [2026-03-17T10:56:42.807Z] Checked if tokens are valid: true, expires at: 1773748587252
[debug] [2026-03-17T10:56:42.807Z] Checked if tokens are valid: true, expires at: 1773748587252
[debug] [2026-03-17T10:56:42.807Z] >>> [apiv2][query] GET https://compute.googleapis.com/compute/v1/projects/78949340231 [none]
[debug] [2026-03-17T10:56:43.015Z] <<< [apiv2][status] GET https://compute.googleapis.com/compute/v1/projects/78949340231 403
[debug] [2026-03-17T10:56:43.015Z] <<< [apiv2][body] GET https://compute.googleapis.com/compute/v1/projects/78949340231 {"error":{"code":403,"message":"Compute Engine API has not been used in project 78949340231 before or it is disabled. Enable it by visiting https://console.developers.google.com/apis/api/compute.googleapis.com/overview?project=78949340231 then retry. If you enabled this API recently, wait a few minutes for the action to propagate to our systems and retry.","errors":[{"message":"Compute Engine API has not been used in project 78949340231 before or it is disabled. Enable it by visiting https://console.developers.google.com/apis/api/compute.googleapis.com/overview?project=78949340231 then retry. If you enabled this API recently, wait a few minutes for the action to propagate to our systems and retry.","domain":"usageLimits","reason":"accessNotConfigured","extendedHelp":"https://console.developers.google.com"}],"status":"PERMISSION_DENIED","details":[{"@type":"type.googleapis.com/google.rpc.ErrorInfo","reason":"SERVICE_DISABLED","domain":"googleapis.com","metadata":{"serviceTitle":"Compute Engine API","containerInfo":"78949340231","activationUrl":"https://console.developers.google.com/apis/api/compute.googleapis.com/overview?project=78949340231","service":"compute.googleapis.com","consumer":"projects/78949340231"}},{"@type":"type.googleapis.com/google.rpc.LocalizedMessage","locale":"en-US","message":"Compute Engine API has not been used in project 78949340231 before or it is disabled. Enable it by visiting https://console.developers.google.com/apis/api/compute.googleapis.com/overview?project=78949340231 then retry. If you enabled this API recently, wait a few minutes for the action to propagate to our systems and retry."},{"@type":"type.googleapis.com/google.rpc.Help","links":[{"description":"Google developers console API activation","url":"https://console.developers.google.com/apis/api/compute.googleapis.com/overview?project=78949340231"}]}]}}
[debug] [2026-03-17T10:56:43.015Z] unable to look up default compute service account. Falling back to 78949340231-compute@developer.gserviceaccount.com. Error: {"name":"FirebaseError","children":[],"context":{"body":{"error":{"code":403,"message":"Compute Engine API has not been used in project 78949340231 before or it is disabled. Enable it by visiting https://console.developers.google.com/apis/api/compute.googleapis.com/overview?project=78949340231 then retry. If you enabled this API recently, wait a few minutes for the action to propagate to our systems and retry.","errors":[{"message":"Compute Engine API has not been used in project 78949340231 before or it is disabled. Enable it by visiting https://console.developers.google.com/apis/api/compute.googleapis.com/overview?project=78949340231 then retry. If you enabled this API recently, wait a few minutes for the action to propagate to our systems and retry.","domain":"usageLimits","reason":"accessNotConfigured","extendedHelp":"https://console.developers.google.com"}],"status":"PERMISSION_DENIED","details":[{"@type":"type.googleapis.com/google.rpc.ErrorInfo","reason":"SERVICE_DISABLED","domain":"googleapis.com","metadata":{"serviceTitle":"Compute Engine API","containerInfo":"78949340231","activationUrl":"https://console.developers.google.com/apis/api/compute.googleapis.com/overview?project=78949340231","service":"compute.googleapis.com","consumer":"projects/78949340231"}},{"@type":"type.googleapis.com/google.rpc.LocalizedMessage","locale":"en-US","message":"Compute Engine API has not been used in project 78949340231 before or it is disabled. Enable it by visiting https://console.developers.google.com/apis/api/compute.googleapis.com/overview?project=78949340231 then retry. If you enabled this API recently, wait a few minutes for the action to propagate to our systems and retry."},{"@type":"type.googleapis.com/google.rpc.Help","links":[{"description":"Google developers console API activation","url":"https://console.developers.google.com/apis/api/compute.googleapis.com/overview?project=78949340231"}]}]}},"response":{"statusCode":403}},"exit":1,"message":"Request to https://compute.googleapis.com/compute/v1/projects/78949340231 had HTTP Error: 403, Compute Engine API has not been used in project 78949340231 before or it is disabled. Enable it by visiting https://console.developers.google.com/apis/api/compute.googleapis.com/overview?project=78949340231 then retry. If you enabled this API recently, wait a few minutes for the action to propagate to our systems and retry.","status":403}
[debug] [2026-03-17T10:56:43.015Z] Checked if tokens are valid: true, expires at: 1773748587252
[debug] [2026-03-17T10:56:43.015Z] Checked if tokens are valid: true, expires at: 1773748587252
[debug] [2026-03-17T10:56:43.015Z] >>> [apiv2][query] GET https://compute.googleapis.com/compute/v1/projects/78949340231 [none]
[debug] [2026-03-17T10:56:43.221Z] <<< [apiv2][status] GET https://compute.googleapis.com/compute/v1/projects/78949340231 403
[debug] [2026-03-17T10:56:43.221Z] <<< [apiv2][body] GET https://compute.googleapis.com/compute/v1/projects/78949340231 {"error":{"code":403,"message":"Compute Engine API has not been used in project 78949340231 before or it is disabled. Enable it by visiting https://console.developers.google.com/apis/api/compute.googleapis.com/overview?project=78949340231 then retry. If you enabled this API recently, wait a few minutes for the action to propagate to our systems and retry.","errors":[{"message":"Compute Engine API has not been used in project 78949340231 before or it is disabled. Enable it by visiting https://console.developers.google.com/apis/api/compute.googleapis.com/overview?project=78949340231 then retry. If you enabled this API recently, wait a few minutes for the action to propagate to our systems and retry.","domain":"usageLimits","reason":"accessNotConfigured","extendedHelp":"https://console.developers.google.com"}],"status":"PERMISSION_DENIED","details":[{"@type":"type.googleapis.com/google.rpc.ErrorInfo","reason":"SERVICE_DISABLED","domain":"googleapis.com","metadata":{"containerInfo":"78949340231","service":"compute.googleapis.com","serviceTitle":"Compute Engine API","consumer":"projects/78949340231","activationUrl":"https://console.developers.google.com/apis/api/compute.googleapis.com/overview?project=78949340231"}},{"@type":"type.googleapis.com/google.rpc.LocalizedMessage","locale":"en-US","message":"Compute Engine API has not been used in project 78949340231 before or it is disabled. Enable it by visiting https://console.developers.google.com/apis/api/compute.googleapis.com/overview?project=78949340231 then retry. If you enabled this API recently, wait a few minutes for the action to propagate to our systems and retry."},{"@type":"type.googleapis.com/google.rpc.Help","links":[{"description":"Google developers console API activation","url":"https://console.developers.google.com/apis/api/compute.googleapis.com/overview?project=78949340231"}]}]}}
[debug] [2026-03-17T10:56:43.222Z] unable to look up default compute service account. Falling back to 78949340231-compute@developer.gserviceaccount.com. Error: {"name":"FirebaseError","children":[],"context":{"body":{"error":{"code":403,"message":"Compute Engine API has not been used in project 78949340231 before or it is disabled. Enable it by visiting https://console.developers.google.com/apis/api/compute.googleapis.com/overview?project=78949340231 then retry. If you enabled this API recently, wait a few minutes for the action to propagate to our systems and retry.","errors":[{"message":"Compute Engine API has not been used in project 78949340231 before or it is disabled. Enable it by visiting https://console.developers.google.com/apis/api/compute.googleapis.com/overview?project=78949340231 then retry. If you enabled this API recently, wait a few minutes for the action to propagate to our systems and retry.","domain":"usageLimits","reason":"accessNotConfigured","extendedHelp":"https://console.developers.google.com"}],"status":"PERMISSION_DENIED","details":[{"@type":"type.googleapis.com/google.rpc.ErrorInfo","reason":"SERVICE_DISABLED","domain":"googleapis.com","metadata":{"containerInfo":"78949340231","service":"compute.googleapis.com","serviceTitle":"Compute Engine API","consumer":"projects/78949340231","activationUrl":"https://console.developers.google.com/apis/api/compute.googleapis.com/overview?project=78949340231"}},{"@type":"type.googleapis.com/google.rpc.LocalizedMessage","locale":"en-US","message":"Compute Engine API has not been used in project 78949340231 before or it is disabled. Enable it by visiting https://console.developers.google.com/apis/api/compute.googleapis.com/overview?project=78949340231 then retry. If you enabled this API recently, wait a few minutes for the action to propagate to our systems and retry."},{"@type":"type.googleapis.com/google.rpc.Help","links":[{"description":"Google developers console API activation","url":"https://console.developers.google.com/apis/api/compute.googleapis.com/overview?project=78949340231"}]}]}},"response":{"statusCode":403}},"exit":1,"message":"Request to https://compute.googleapis.com/compute/v1/projects/78949340231 had HTTP Error: 403, Compute Engine API has not been used in project 78949340231 before or it is disabled. Enable it by visiting https://console.developers.google.com/apis/api/compute.googleapis.com/overview?project=78949340231 then retry. If you enabled this API recently, wait a few minutes for the action to propagate to our systems and retry.","status":403}
[debug] [2026-03-17T10:56:43.224Z] Checked if tokens are valid: true, expires at: 1773748587252
[debug] [2026-03-17T10:56:43.224Z] Checked if tokens are valid: true, expires at: 1773748587252
[debug] [2026-03-17T10:56:43.224Z] >>> [apiv2][query] GET https://cloudbilling.googleapis.com/v1/projects/safezone-cd4b5/billingInfo [none]
[debug] [2026-03-17T10:56:43.520Z] <<< [apiv2][status] GET https://cloudbilling.googleapis.com/v1/projects/safezone-cd4b5/billingInfo 200
[debug] [2026-03-17T10:56:43.521Z] <<< [apiv2][body] GET https://cloudbilling.googleapis.com/v1/projects/safezone-cd4b5/billingInfo {"name":"projects/safezone-cd4b5/billingInfo","projectId":"safezone-cd4b5","billingAccountName":"billingAccounts/01B797-F7E8EB-808B95","billingEnabled":true}
[debug] [2026-03-17T10:56:43.522Z] Checked if tokens are valid: true, expires at: 1773748587252
[debug] [2026-03-17T10:56:43.522Z] Checked if tokens are valid: true, expires at: 1773748587252
[debug] [2026-03-17T10:56:43.522Z] >>> [apiv2][query] POST https://cloudfunctions.googleapis.com/v2/projects/safezone-cd4b5/locations/me-west1/functions:generateUploadUrl [none]
[debug] [2026-03-17T10:56:44.126Z] <<< [apiv2][status] POST https://cloudfunctions.googleapis.com/v2/projects/safezone-cd4b5/locations/me-west1/functions:generateUploadUrl 200
[debug] [2026-03-17T10:56:44.127Z] <<< [apiv2][body] POST https://cloudfunctions.googleapis.com/v2/projects/safezone-cd4b5/locations/me-west1/functions:generateUploadUrl {"uploadUrl":"https://storage.googleapis.com/gcf-v2-uploads-78949340231.me-west1.cloudfunctions.appspot.com/579f64a0-ae4d-43c7-805c-6a86fb132e5d.zip?GoogleAccessId=service-78949340231@gcf-admin-robot.iam.gserviceaccount.com&Expires=1773746803&Signature=j6qRRV2IegI1MZ%2Fyw0n%2FkwmMO2DPM4zMBcwrQ29iutGzWI8%2F2%2FIh0BUgmNmxzkbrGOsh1%2F51phz6oHSKbyg%2BpuMHeOH8vZuR%2BxOsVdXA5jybQZEmALkQqCW5OnHUQKoEWxatuxj3dtkOFGfPMn6Pyk7a%2FdPAKaYBs2yh9mXc1Je6ydoLLjv6MHt4uKt1NS86WCYT7YlVOhdYAQ0TapsVD0A5vvd6cNy7o9qj8lhimMuXDBCrg%2FlY%2FcsnxA9y3pbbfXA7xyCDlbIdK%2F%2FfcQI3inUqgA7L96Sl4UwAUDmmT%2BLdzd30pf0qGrxJqAT28d5GJta3%2FFSXjBJx%2BN%2B6MF4KZg%3D%3D","storageSource":{"bucket":"gcf-v2-uploads-78949340231.me-west1.cloudfunctions.appspot.com","object":"579f64a0-ae4d-43c7-805c-6a86fb132e5d.zip"}}
[debug] [2026-03-17T10:56:44.128Z] >>> [apiv2][query] PUT https://storage.googleapis.com/gcf-v2-uploads-78949340231.me-west1.cloudfunctions.appspot.com/579f64a0-ae4d-43c7-805c-6a86fb132e5d.zip GoogleAccessId=service-78949340231%40gcf-admin-robot.iam.gserviceaccount.com&Expires=1773746803&Signature=j6qRRV2IegI1MZ%2Fyw0n%2FkwmMO2DPM4zMBcwrQ29iutGzWI8%2F2%2FIh0BUgmNmxzkbrGOsh1%2F51phz6oHSKbyg%2BpuMHeOH8vZuR%2BxOsVdXA5jybQZEmALkQqCW5OnHUQKoEWxatuxj3dtkOFGfPMn6Pyk7a%2FdPAKaYBs2yh9mXc1Je6ydoLLjv6MHt4uKt1NS86WCYT7YlVOhdYAQ0TapsVD0A5vvd6cNy7o9qj8lhimMuXDBCrg%2FlY%2FcsnxA9y3pbbfXA7xyCDlbIdK%2F%2FfcQI3inUqgA7L96Sl4UwAUDmmT%2BLdzd30pf0qGrxJqAT28d5GJta3%2FFSXjBJx%2BN%2B6MF4KZg%3D%3D
[debug] [2026-03-17T10:56:44.128Z] >>> [apiv2][body] PUT https://storage.googleapis.com/gcf-v2-uploads-78949340231.me-west1.cloudfunctions.appspot.com/579f64a0-ae4d-43c7-805c-6a86fb132e5d.zip [stream]
[debug] [2026-03-17T10:56:44.289Z] <<< [apiv2][status] PUT https://storage.googleapis.com/gcf-v2-uploads-78949340231.me-west1.cloudfunctions.appspot.com/579f64a0-ae4d-43c7-805c-6a86fb132e5d.zip 200
[debug] [2026-03-17T10:56:44.289Z] <<< [apiv2][body] PUT https://storage.googleapis.com/gcf-v2-uploads-78949340231.me-west1.cloudfunctions.appspot.com/579f64a0-ae4d-43c7-805c-6a86fb132e5d.zip [omitted]
[info] +  functions: functions source uploaded successfully 
[info] 
The following functions are found in your project but do not exist in your local source code:
	checkSafeZoneAlerts(me-central1)
	checkSafeZoneAlerts(me-west1)

If you are renaming a function or changing its region, it is recommended that you create the new function first before deleting the old one to prevent event loss. For more info, visit https://firebase.google.com/docs/functions/manage-functions#modify

[info] i  functions: updating Node.js 20 (2nd Gen) function onAlertDetected(me-west1)... 
[info] i  functions: updating Node.js 20 (2nd Gen) function getAlertProxy(me-west1)... 
[info] i  functions: updating Node.js 20 (2nd Gen) function testOrefAccess(me-west1)... 
[info] i  functions: updating Node.js 20 (2nd Gen) function sendManualAlert(me-west1)... 
[info] i  functions: updating Node.js 20 (2nd Gen) function checkSafeZoneAlerts(us-central1)... 
[info] i  functions: deleting Node.js 20 (2nd Gen) function checkSafeZoneAlerts(me-west1)... 
[debug] [2026-03-17T10:56:47.604Z] Checked if tokens are valid: true, expires at: 1773748587252
[debug] [2026-03-17T10:56:47.605Z] Checked if tokens are valid: true, expires at: 1773748587252
[debug] [2026-03-17T10:56:47.605Z] Checked if tokens are valid: true, expires at: 1773748587252
[debug] [2026-03-17T10:56:47.605Z] Checked if tokens are valid: true, expires at: 1773748587252
[debug] [2026-03-17T10:56:47.605Z] Checked if tokens are valid: true, expires at: 1773748587252
[debug] [2026-03-17T10:56:47.605Z] Checked if tokens are valid: true, expires at: 1773748587252
[info] i  functions: deleting Node.js 20 (2nd Gen) function checkSafeZoneAlerts(me-central1)... 
[debug] [2026-03-17T10:56:47.605Z] Checked if tokens are valid: true, expires at: 1773748587252
[debug] [2026-03-17T10:56:47.605Z] Checked if tokens are valid: true, expires at: 1773748587252
[debug] [2026-03-17T10:56:47.605Z] >>> [apiv2][query] DELETE https://cloudscheduler.googleapis.com/v1/projects/safezone-cd4b5/locations/me-west1/jobs/firebase-schedule-checkSafeZoneAlerts-me-west1 [none]
[debug] [2026-03-17T10:56:47.606Z] >>> [apiv2][query] PATCH https://cloudfunctions.googleapis.com/v2/projects/safezone-cd4b5/locations/me-west1/functions/onAlertDetected updateMask=name%2CbuildConfig.runtime%2CbuildConfig.entryPoint%2CbuildConfig.source.storageSource.bucket%2CbuildConfig.source.storageSource.object%2CbuildConfig.environmentVariables%2CbuildConfig.sourceToken%2CserviceConfig.environmentVariables%2CserviceConfig.ingressSettings%2CserviceConfig.timeoutSeconds%2CserviceConfig.serviceAccountEmail%2CserviceConfig.availableMemory%2CserviceConfig.minInstanceCount%2CserviceConfig.maxInstanceCount%2CserviceConfig.maxInstanceRequestConcurrency%2CserviceConfig.availableCpu%2CserviceConfig.vpcConnector%2CserviceConfig.vpcConnectorEgressSettings%2CserviceConfig.directVpcNetworkInterface%2CserviceConfig.directVpcEgress%2Clabels%2CeventTrigger.eventType%2CeventTrigger.retryPolicy%2CeventTrigger.eventFilters%2CeventTrigger.triggerRegion
[debug] [2026-03-17T10:56:47.606Z] >>> [apiv2][body] PATCH https://cloudfunctions.googleapis.com/v2/projects/safezone-cd4b5/locations/me-west1/functions/onAlertDetected {"name":"projects/safezone-cd4b5/locations/me-west1/functions/onAlertDetected","buildConfig":{"runtime":"nodejs20","entryPoint":"onAlertDetected","source":{"storageSource":{"bucket":"gcf-v2-uploads-78949340231.me-west1.cloudfunctions.appspot.com","object":"579f64a0-ae4d-43c7-805c-6a86fb132e5d.zip"}},"environmentVariables":{"GOOGLE_NODE_RUN_SCRIPTS":""}},"serviceConfig":{"environmentVariables":{"FIREBASE_CONFIG":"{\"projectId\":\"safezone-cd4b5\",\"databaseURL\":\"https://safezone-cd4b5-default-rtdb.europe-west1.firebasedatabase.app\",\"storageBucket\":\"safezone-cd4b5.firebasestorage.app\"}","GCLOUD_PROJECT":"safezone-cd4b5","EVENTARC_CLOUD_EVENT_SOURCE":"projects/safezone-cd4b5/locations/me-west1/services/onAlertDetected","FUNCTION_SIGNATURE_TYPE":"cloudevent","FUNCTION_TARGET":"onAlertDetected","LOG_EXECUTION_ID":"true"},"ingressSettings":null,"timeoutSeconds":null,"serviceAccountEmail":null,"availableMemory":"256Mi","minInstanceCount":null,"maxInstanceCount":null,"maxInstanceRequestConcurrency":80,"availableCpu":"1","vpcConnector":null,"vpcConnectorEgressSettings":null,"directVpcNetworkInterface":null,"directVpcEgress":null},"labels":{"deployment-tool":"cli-firebase","firebase-functions-hash":"3161b62d6e043105a6edf2587bc85ee6e74b8c04"},"eventTrigger":{"eventType":"google.cloud.firestore.document.v1.written","retryPolicy":"RETRY_POLICY_DO_NOT_RETRY","eventFilters":[{"attribute":"database","value":"(default)"},{"attribute":"namespace","value":"(default)"},{"attribute":"document","value":"_meta/currentAlert"}],"triggerRegion":"eur3"}}
[debug] [2026-03-17T10:56:47.606Z] >>> [apiv2][query] PATCH https://cloudfunctions.googleapis.com/v2/projects/safezone-cd4b5/locations/us-central1/functions/checkSafeZoneAlerts updateMask=name%2CbuildConfig.runtime%2CbuildConfig.entryPoint%2CbuildConfig.source.storageSource.bucket%2CbuildConfig.source.storageSource.object%2CbuildConfig.environmentVariables%2CbuildConfig.sourceToken%2CserviceConfig.environmentVariables%2CserviceConfig.ingressSettings%2CserviceConfig.timeoutSeconds%2CserviceConfig.serviceAccountEmail%2CserviceConfig.availableMemory%2CserviceConfig.minInstanceCount%2CserviceConfig.maxInstanceCount%2CserviceConfig.maxInstanceRequestConcurrency%2CserviceConfig.availableCpu%2CserviceConfig.vpcConnector%2CserviceConfig.vpcConnectorEgressSettings%2CserviceConfig.directVpcNetworkInterface%2CserviceConfig.directVpcEgress%2Clabels
[debug] [2026-03-17T10:56:47.607Z] >>> [apiv2][body] PATCH https://cloudfunctions.googleapis.com/v2/projects/safezone-cd4b5/locations/us-central1/functions/checkSafeZoneAlerts {"name":"projects/safezone-cd4b5/locations/us-central1/functions/checkSafeZoneAlerts","buildConfig":{"runtime":"nodejs20","entryPoint":"checkSafeZoneAlerts","source":{"storageSource":{"bucket":"gcf-v2-uploads-78949340231.me-west1.cloudfunctions.appspot.com","object":"579f64a0-ae4d-43c7-805c-6a86fb132e5d.zip"}},"environmentVariables":{"GOOGLE_NODE_RUN_SCRIPTS":""}},"serviceConfig":{"environmentVariables":{"FIREBASE_CONFIG":"{\"projectId\":\"safezone-cd4b5\",\"databaseURL\":\"https://safezone-cd4b5-default-rtdb.europe-west1.firebasedatabase.app\",\"storageBucket\":\"safezone-cd4b5.firebasestorage.app\"}","GCLOUD_PROJECT":"safezone-cd4b5","EVENTARC_CLOUD_EVENT_SOURCE":"projects/safezone-cd4b5/locations/us-central1/services/checkSafeZoneAlerts","FUNCTION_TARGET":"checkSafeZoneAlerts","LOG_EXECUTION_ID":"true"},"ingressSettings":null,"timeoutSeconds":60,"serviceAccountEmail":null,"availableMemory":"256Mi","minInstanceCount":null,"maxInstanceCount":null,"maxInstanceRequestConcurrency":80,"availableCpu":"1","vpcConnector":null,"vpcConnectorEgressSettings":null,"directVpcNetworkInterface":null,"directVpcEgress":null},"labels":{"deployment-tool":"cli-firebase","deployment-scheduled":"true","firebase-functions-hash":"3161b62d6e043105a6edf2587bc85ee6e74b8c04"}}
[debug] [2026-03-17T10:56:47.607Z] >>> [apiv2][query] DELETE https://cloudscheduler.googleapis.com/v1/projects/safezone-cd4b5/locations/me-central1/jobs/firebase-schedule-checkSafeZoneAlerts-me-central1 [none]
[debug] [2026-03-17T10:56:48.396Z] <<< [apiv2][status] DELETE https://cloudscheduler.googleapis.com/v1/projects/safezone-cd4b5/locations/me-west1/jobs/firebase-schedule-checkSafeZoneAlerts-me-west1 400
[debug] [2026-03-17T10:56:48.396Z] <<< [apiv2][body] DELETE https://cloudscheduler.googleapis.com/v1/projects/safezone-cd4b5/locations/me-west1/jobs/firebase-schedule-checkSafeZoneAlerts-me-west1 {"error":{"code":400,"message":"Location 'me-west1' is not a valid location. Use ListLocations to list valid locations.","status":"INVALID_ARGUMENT"}}
[error] Request to https://cloudscheduler.googleapis.com/v1/projects/safezone-cd4b5/locations/me-west1/jobs/firebase-schedule-checkSafeZoneAlerts-me-west1 had HTTP Error: 400, Location 'me-west1' is not a valid location. Use ListLocations to list valid locations.
[debug] [2026-03-17T10:56:48.759Z] <<< [apiv2][status] DELETE https://cloudscheduler.googleapis.com/v1/projects/safezone-cd4b5/locations/me-central1/jobs/firebase-schedule-checkSafeZoneAlerts-me-central1 400
[debug] [2026-03-17T10:56:48.759Z] <<< [apiv2][body] DELETE https://cloudscheduler.googleapis.com/v1/projects/safezone-cd4b5/locations/me-central1/jobs/firebase-schedule-checkSafeZoneAlerts-me-central1 {"error":{"code":400,"message":"Location 'me-central1' is not a valid location. Use ListLocations to list valid locations.","status":"INVALID_ARGUMENT"}}
[error] Request to https://cloudscheduler.googleapis.com/v1/projects/safezone-cd4b5/locations/me-central1/jobs/firebase-schedule-checkSafeZoneAlerts-me-central1 had HTTP Error: 400, Location 'me-central1' is not a valid location. Use ListLocations to list valid locations.
[debug] [2026-03-17T10:56:49.532Z] <<< [apiv2][status] PATCH https://cloudfunctions.googleapis.com/v2/projects/safezone-cd4b5/locations/me-west1/functions/onAlertDetected 200
[debug] [2026-03-17T10:56:49.532Z] <<< [apiv2][body] PATCH https://cloudfunctions.googleapis.com/v2/projects/safezone-cd4b5/locations/me-west1/functions/onAlertDetected {"name":"projects/safezone-cd4b5/locations/me-west1/operations/operation-1773745007981-64d36311f7252-6a2cc941-d8d83098","metadata":{"@type":"type.googleapis.com/google.cloud.functions.v2.OperationMetadata","createTime":"2026-03-17T10:56:49.417338497Z","target":"projects/safezone-cd4b5/locations/me-west1/functions/onAlertDetected","verb":"update","cancelRequested":false,"apiVersion":"v2"},"done":false}
[debug] [2026-03-17T10:56:49.532Z] Checked if tokens are valid: true, expires at: 1773748587252
[debug] [2026-03-17T10:56:49.533Z] Checked if tokens are valid: true, expires at: 1773748587252
[debug] [2026-03-17T10:56:49.533Z] >>> [apiv2][query] GET https://cloudfunctions.googleapis.com/v2/projects/safezone-cd4b5/locations/me-west1/operations/operation-1773745007981-64d36311f7252-6a2cc941-d8d83098 [none]
[debug] [2026-03-17T10:56:50.005Z] <<< [apiv2][status] GET https://cloudfunctions.googleapis.com/v2/projects/safezone-cd4b5/locations/me-west1/operations/operation-1773745007981-64d36311f7252-6a2cc941-d8d83098 200
[debug] [2026-03-17T10:56:50.005Z] <<< [apiv2][body] GET https://cloudfunctions.googleapis.com/v2/projects/safezone-cd4b5/locations/me-west1/operations/operation-1773745007981-64d36311f7252-6a2cc941-d8d83098 {"name":"projects/safezone-cd4b5/locations/me-west1/operations/operation-1773745007981-64d36311f7252-6a2cc941-d8d83098","metadata":{"@type":"type.googleapis.com/google.cloud.functions.v2.OperationMetadata","createTime":"2026-03-17T10:56:49.417338497Z","target":"projects/safezone-cd4b5/locations/me-west1/functions/onAlertDetected","verb":"update","cancelRequested":false,"apiVersion":"v2","requestResource":{"@type":"type.googleapis.com/google.cloud.functions.v2.Function","name":"projects/safezone-cd4b5/locations/me-west1/functions/onAlertDetected","buildConfig":{"runtime":"nodejs20","entryPoint":"onAlertDetected","source":{"storageSource":{"bucket":"gcf-v2-sources-78949340231-me-west1","object":"onAlertDetected/function-source.zip","generation":"1773745009377444"}},"environmentVariables":{"GOOGLE_NODE_RUN_SCRIPTS":""},"dockerRepository":"projects/safezone-cd4b5/locations/me-west1/repositories/gcf-artifacts","sourceProvenance":{"resolvedStorageSource":{"bucket":"gcf-v2-sources-78949340231-me-west1","object":"onAlertDetected/function-source.zip","generation":"1773736489115248"}},"dockerRegistry":"ARTIFACT_REGISTRY","serviceAccount":"projects/safezone-cd4b5/serviceAccounts/78949340231-compute@developer.gserviceaccount.com","automaticUpdatePolicy":{}},"serviceConfig":{"service":"projects/safezone-cd4b5/locations/me-west1/services/onalertdetected","timeoutSeconds":60,"environmentVariables":{"FIREBASE_CONFIG":"{\"projectId\":\"safezone-cd4b5\",\"databaseURL\":\"https://safezone-cd4b5-default-rtdb.europe-west1.firebasedatabase.app\",\"storageBucket\":\"safezone-cd4b5.firebasestorage.app\"}","GCLOUD_PROJECT":"safezone-cd4b5","EVENTARC_CLOUD_EVENT_SOURCE":"projects/safezone-cd4b5/locations/me-west1/services/onAlertDetected","FUNCTION_SIGNATURE_TYPE":"cloudevent","FUNCTION_TARGET":"onAlertDetected","LOG_EXECUTION_ID":"true"},"ingressSettings":"ALLOW_ALL","uri":"https://onalertdetected-2espohqsdq-zf.a.run.app","serviceAccountEmail":"78949340231-compute@developer.gserviceaccount.com","availableMemory":"256Mi","allTrafficOnLatestRevision":true,"revision":"onalertdetected-00004-hup","maxInstanceRequestConcurrency":80,"availableCpu":"1"},"eventTrigger":{"trigger":"projects/safezone-cd4b5/locations/eur3/triggers/onalertdetected-116582","triggerRegion":"eur3","eventType":"google.cloud.firestore.document.v1.written","eventFilters":[{"attribute":"database","value":"(default)"},{"attribute":"namespace","value":"(default)"},{"attribute":"document","value":"_meta/currentAlert"}],"pubsubTopic":"projects/safezone-cd4b5/topics/eventarc-eur3-onalertdetected-116582-539","serviceAccountEmail":"78949340231-compute@developer.gserviceaccount.com","retryPolicy":"RETRY_POLICY_DO_NOT_RETRY"},"state":"ACTIVE","labels":{"deployment-tool":"cli-firebase","firebase-functions-hash":"3161b62d6e043105a6edf2587bc85ee6e74b8c04"},"environment":"GEN_2","url":"https://me-west1-safezone-cd4b5.cloudfunctions.net/onAlertDetected","satisfiesPzs":true,"satisfiesPzi":true},"stages":[{"name":"BUILD","state":"NOT_STARTED","stateMessages":[{"severity":"WARNING","type":"BuildAnalysisWarning","message":"Node.js 20 is no longer supported by the Node.js community as of 30 April, 2026. Node.js 20 will be deprecated on 2026-04-30. We recommend you to upgrade to the latest version of Node.js as soon as possible."}]},{"name":"SERVICE","state":"NOT_STARTED"},{"name":"TRIGGER","state":"NOT_STARTED"}],"operationType":"UPDATE_FUNCTION"},"done":false}
[debug] [2026-03-17T10:56:50.520Z] [update-default-me-west1-onAlertDetected] Retrying task index 0
[debug] [2026-03-17T10:56:50.521Z] Checked if tokens are valid: true, expires at: 1773748587252
[debug] [2026-03-17T10:56:50.521Z] Checked if tokens are valid: true, expires at: 1773748587252
[debug] [2026-03-17T10:56:50.521Z] >>> [apiv2][query] GET https://cloudfunctions.googleapis.com/v2/projects/safezone-cd4b5/locations/me-west1/operations/operation-1773745007981-64d36311f7252-6a2cc941-d8d83098 [none]
[debug] [2026-03-17T10:56:50.897Z] <<< [apiv2][status] PATCH https://cloudfunctions.googleapis.com/v2/projects/safezone-cd4b5/locations/us-central1/functions/checkSafeZoneAlerts 200
[debug] [2026-03-17T10:56:50.897Z] <<< [apiv2][body] PATCH https://cloudfunctions.googleapis.com/v2/projects/safezone-cd4b5/locations/us-central1/functions/checkSafeZoneAlerts {"name":"projects/safezone-cd4b5/locations/us-central1/operations/operation-1773745007768-64d36311c31c9-71cee6d2-db4e0676","metadata":{"@type":"type.googleapis.com/google.cloud.functions.v2.OperationMetadata","createTime":"2026-03-17T10:56:50.745183749Z","target":"projects/safezone-cd4b5/locations/us-central1/functions/checkSafeZoneAlerts","verb":"update","cancelRequested":false,"apiVersion":"v2"},"done":false}
[debug] [2026-03-17T10:56:50.897Z] Checked if tokens are valid: true, expires at: 1773748587252
[debug] [2026-03-17T10:56:50.897Z] Checked if tokens are valid: true, expires at: 1773748587252
[debug] [2026-03-17T10:56:50.897Z] >>> [apiv2][query] GET https://cloudfunctions.googleapis.com/v2/projects/safezone-cd4b5/locations/us-central1/operations/operation-1773745007768-64d36311c31c9-71cee6d2-db4e0676 [none]
[debug] [2026-03-17T10:56:50.985Z] <<< [apiv2][status] GET https://cloudfunctions.googleapis.com/v2/projects/safezone-cd4b5/locations/me-west1/operations/operation-1773745007981-64d36311f7252-6a2cc941-d8d83098 200
[debug] [2026-03-17T10:56:50.985Z] <<< [apiv2][body] GET https://cloudfunctions.googleapis.com/v2/projects/safezone-cd4b5/locations/me-west1/operations/operation-1773745007981-64d36311f7252-6a2cc941-d8d83098 {"name":"projects/safezone-cd4b5/locations/me-west1/operations/operation-1773745007981-64d36311f7252-6a2cc941-d8d83098","metadata":{"@type":"type.googleapis.com/google.cloud.functions.v2.OperationMetadata","createTime":"2026-03-17T10:56:49.417338497Z","target":"projects/safezone-cd4b5/locations/me-west1/functions/onAlertDetected","verb":"update","cancelRequested":false,"apiVersion":"v2","requestResource":{"@type":"type.googleapis.com/google.cloud.functions.v2.Function","name":"projects/safezone-cd4b5/locations/me-west1/functions/onAlertDetected","buildConfig":{"runtime":"nodejs20","entryPoint":"onAlertDetected","source":{"storageSource":{"bucket":"gcf-v2-sources-78949340231-me-west1","object":"onAlertDetected/function-source.zip","generation":"1773745009377444"}},"environmentVariables":{"GOOGLE_NODE_RUN_SCRIPTS":""},"dockerRepository":"projects/safezone-cd4b5/locations/me-west1/repositories/gcf-artifacts","sourceProvenance":{"resolvedStorageSource":{"bucket":"gcf-v2-sources-78949340231-me-west1","object":"onAlertDetected/function-source.zip","generation":"1773736489115248"}},"dockerRegistry":"ARTIFACT_REGISTRY","serviceAccount":"projects/safezone-cd4b5/serviceAccounts/78949340231-compute@developer.gserviceaccount.com","automaticUpdatePolicy":{}},"serviceConfig":{"service":"projects/safezone-cd4b5/locations/me-west1/services/onalertdetected","timeoutSeconds":60,"environmentVariables":{"FIREBASE_CONFIG":"{\"projectId\":\"safezone-cd4b5\",\"databaseURL\":\"https://safezone-cd4b5-default-rtdb.europe-west1.firebasedatabase.app\",\"storageBucket\":\"safezone-cd4b5.firebasestorage.app\"}","GCLOUD_PROJECT":"safezone-cd4b5","EVENTARC_CLOUD_EVENT_SOURCE":"projects/safezone-cd4b5/locations/me-west1/services/onAlertDetected","FUNCTION_SIGNATURE_TYPE":"cloudevent","FUNCTION_TARGET":"onAlertDetected","LOG_EXECUTION_ID":"true"},"ingressSettings":"ALLOW_ALL","uri":"https://onalertdetected-2espohqsdq-zf.a.run.app","serviceAccountEmail":"78949340231-compute@developer.gserviceaccount.com","availableMemory":"256Mi","allTrafficOnLatestRevision":true,"revision":"onalertdetected-00004-hup","maxInstanceRequestConcurrency":80,"availableCpu":"1"},"eventTrigger":{"trigger":"projects/safezone-cd4b5/locations/eur3/triggers/onalertdetected-116582","triggerRegion":"eur3","eventType":"google.cloud.firestore.document.v1.written","eventFilters":[{"attribute":"database","value":"(default)"},{"attribute":"namespace","value":"(default)"},{"attribute":"document","value":"_meta/currentAlert"}],"pubsubTopic":"projects/safezone-cd4b5/topics/eventarc-eur3-onalertdetected-116582-539","serviceAccountEmail":"78949340231-compute@developer.gserviceaccount.com","retryPolicy":"RETRY_POLICY_DO_NOT_RETRY"},"state":"ACTIVE","labels":{"deployment-tool":"cli-firebase","firebase-functions-hash":"3161b62d6e043105a6edf2587bc85ee6e74b8c04"},"environment":"GEN_2","url":"https://me-west1-safezone-cd4b5.cloudfunctions.net/onAlertDetected","satisfiesPzs":true,"satisfiesPzi":true},"stages":[{"name":"BUILD","message":"Creating build","state":"IN_PROGRESS","resource":"projects/78949340231/locations/me-west1/builds/c9367e7d-511e-4992-a37f-2853db369261","resourceUri":"https://console.cloud.google.com/cloud-build/builds;region=me-west1/c9367e7d-511e-4992-a37f-2853db369261?project=78949340231"},{"name":"SERVICE","state":"NOT_STARTED"},{"name":"TRIGGER","state":"NOT_STARTED"}],"operationType":"UPDATE_FUNCTION","buildName":"projects/78949340231/locations/me-west1/builds/c9367e7d-511e-4992-a37f-2853db369261"},"done":false}
[debug] [2026-03-17T10:56:51.234Z] <<< [apiv2][status] GET https://cloudfunctions.googleapis.com/v2/projects/safezone-cd4b5/locations/us-central1/operations/operation-1773745007768-64d36311c31c9-71cee6d2-db4e0676 200
[debug] [2026-03-17T10:56:51.235Z] <<< [apiv2][body] GET https://cloudfunctions.googleapis.com/v2/projects/safezone-cd4b5/locations/us-central1/operations/operation-1773745007768-64d36311c31c9-71cee6d2-db4e0676 {"name":"projects/safezone-cd4b5/locations/us-central1/operations/operation-1773745007768-64d36311c31c9-71cee6d2-db4e0676","metadata":{"@type":"type.googleapis.com/google.cloud.functions.v2.OperationMetadata","createTime":"2026-03-17T10:56:50.745183749Z","target":"projects/safezone-cd4b5/locations/us-central1/functions/checkSafeZoneAlerts","verb":"update","cancelRequested":false,"apiVersion":"v2","requestResource":{"@type":"type.googleapis.com/google.cloud.functions.v2.Function","name":"projects/safezone-cd4b5/locations/us-central1/functions/checkSafeZoneAlerts","buildConfig":{"runtime":"nodejs20","entryPoint":"checkSafeZoneAlerts","source":{"storageSource":{"bucket":"gcf-v2-sources-78949340231-us-central1","object":"checkSafeZoneAlerts/function-source.zip","generation":"1773745010677148"}},"environmentVariables":{"GOOGLE_NODE_RUN_SCRIPTS":""},"dockerRepository":"projects/safezone-cd4b5/locations/us-central1/repositories/gcf-artifacts","sourceProvenance":{"resolvedStorageSource":{"bucket":"gcf-v2-sources-78949340231-us-central1","object":"checkSafeZoneAlerts/function-source.zip","generation":"1773736491111895"}},"dockerRegistry":"ARTIFACT_REGISTRY","serviceAccount":"projects/safezone-cd4b5/serviceAccounts/78949340231-compute@developer.gserviceaccount.com","automaticUpdatePolicy":{}},"serviceConfig":{"service":"projects/safezone-cd4b5/locations/us-central1/services/checksafezonealerts","timeoutSeconds":60,"environmentVariables":{"FIREBASE_CONFIG":"{\"projectId\":\"safezone-cd4b5\",\"databaseURL\":\"https://safezone-cd4b5-default-rtdb.europe-west1.firebasedatabase.app\",\"storageBucket\":\"safezone-cd4b5.firebasestorage.app\"}","GCLOUD_PROJECT":"safezone-cd4b5","EVENTARC_CLOUD_EVENT_SOURCE":"projects/safezone-cd4b5/locations/us-central1/services/checkSafeZoneAlerts","FUNCTION_TARGET":"checkSafeZoneAlerts","LOG_EXECUTION_ID":"true"},"ingressSettings":"ALLOW_ALL","uri":"https://checksafezonealerts-2espohqsdq-uc.a.run.app","serviceAccountEmail":"78949340231-compute@developer.gserviceaccount.com","availableMemory":"256Mi","allTrafficOnLatestRevision":true,"revision":"checksafezonealerts-00002-vaw","maxInstanceRequestConcurrency":80,"availableCpu":"1"},"state":"ACTIVE","labels":{"deployment-tool":"cli-firebase","deployment-scheduled":"true","firebase-functions-hash":"3161b62d6e043105a6edf2587bc85ee6e74b8c04"},"environment":"GEN_2","url":"https://us-central1-safezone-cd4b5.cloudfunctions.net/checkSafeZoneAlerts","satisfiesPzi":true},"stages":[{"name":"BUILD","state":"NOT_STARTED","stateMessages":[{"severity":"WARNING","type":"BuildAnalysisWarning","message":"Node.js 20 is no longer supported by the Node.js community as of 30 April, 2026. Node.js 20 will be deprecated on 2026-04-30. We recommend you to upgrade to the latest version of Node.js as soon as possible."}]},{"name":"SERVICE","state":"NOT_STARTED"}],"operationType":"UPDATE_FUNCTION"},"done":false}
[debug] [2026-03-17T10:56:51.741Z] [update-default-us-central1-checkSafeZoneAlerts] Retrying task index 0
[debug] [2026-03-17T10:56:51.741Z] Checked if tokens are valid: true, expires at: 1773748587252
[debug] [2026-03-17T10:56:51.741Z] Checked if tokens are valid: true, expires at: 1773748587252
[debug] [2026-03-17T10:56:51.741Z] >>> [apiv2][query] GET https://cloudfunctions.googleapis.com/v2/projects/safezone-cd4b5/locations/us-central1/operations/operation-1773745007768-64d36311c31c9-71cee6d2-db4e0676 [none]
[debug] [2026-03-17T10:56:51.994Z] [update-default-me-west1-onAlertDetected] Retrying task index 0
[debug] [2026-03-17T10:56:51.994Z] Checked if tokens are valid: true, expires at: 1773748587252
[debug] [2026-03-17T10:56:51.994Z] Checked if tokens are valid: true, expires at: 1773748587252
[debug] [2026-03-17T10:56:51.995Z] >>> [apiv2][query] GET https://cloudfunctions.googleapis.com/v2/projects/safezone-cd4b5/locations/me-west1/operations/operation-1773745007981-64d36311f7252-6a2cc941-d8d83098 [none]
[debug] [2026-03-17T10:56:52.459Z] <<< [apiv2][status] GET https://cloudfunctions.googleapis.com/v2/projects/safezone-cd4b5/locations/me-west1/operations/operation-1773745007981-64d36311f7252-6a2cc941-d8d83098 200
[debug] [2026-03-17T10:56:52.459Z] <<< [apiv2][body] GET https://cloudfunctions.googleapis.com/v2/projects/safezone-cd4b5/locations/me-west1/operations/operation-1773745007981-64d36311f7252-6a2cc941-d8d83098 {"name":"projects/safezone-cd4b5/locations/me-west1/operations/operation-1773745007981-64d36311f7252-6a2cc941-d8d83098","metadata":{"@type":"type.googleapis.com/google.cloud.functions.v2.OperationMetadata","createTime":"2026-03-17T10:56:49.417338497Z","target":"projects/safezone-cd4b5/locations/me-west1/functions/onAlertDetected","verb":"update","cancelRequested":false,"apiVersion":"v2","requestResource":{"@type":"type.googleapis.com/google.cloud.functions.v2.Function","name":"projects/safezone-cd4b5/locations/me-west1/functions/onAlertDetected","buildConfig":{"runtime":"nodejs20","entryPoint":"onAlertDetected","source":{"storageSource":{"bucket":"gcf-v2-sources-78949340231-me-west1","object":"onAlertDetected/function-source.zip","generation":"1773745009377444"}},"environmentVariables":{"GOOGLE_NODE_RUN_SCRIPTS":""},"dockerRepository":"projects/safezone-cd4b5/locations/me-west1/repositories/gcf-artifacts","sourceProvenance":{"resolvedStorageSource":{"bucket":"gcf-v2-sources-78949340231-me-west1","object":"onAlertDetected/function-source.zip","generation":"1773736489115248"}},"dockerRegistry":"ARTIFACT_REGISTRY","serviceAccount":"projects/safezone-cd4b5/serviceAccounts/78949340231-compute@developer.gserviceaccount.com","automaticUpdatePolicy":{}},"serviceConfig":{"service":"projects/safezone-cd4b5/locations/me-west1/services/onalertdetected","timeoutSeconds":60,"environmentVariables":{"FIREBASE_CONFIG":"{\"projectId\":\"safezone-cd4b5\",\"databaseURL\":\"https://safezone-cd4b5-default-rtdb.europe-west1.firebasedatabase.app\",\"storageBucket\":\"safezone-cd4b5.firebasestorage.app\"}","GCLOUD_PROJECT":"safezone-cd4b5","EVENTARC_CLOUD_EVENT_SOURCE":"projects/safezone-cd4b5/locations/me-west1/services/onAlertDetected","FUNCTION_SIGNATURE_TYPE":"cloudevent","FUNCTION_TARGET":"onAlertDetected","LOG_EXECUTION_ID":"true"},"ingressSettings":"ALLOW_ALL","uri":"https://onalertdetected-2espohqsdq-zf.a.run.app","serviceAccountEmail":"78949340231-compute@developer.gserviceaccount.com","availableMemory":"256Mi","allTrafficOnLatestRevision":true,"revision":"onalertdetected-00004-hup","maxInstanceRequestConcurrency":80,"availableCpu":"1"},"eventTrigger":{"trigger":"projects/safezone-cd4b5/locations/eur3/triggers/onalertdetected-116582","triggerRegion":"eur3","eventType":"google.cloud.firestore.document.v1.written","eventFilters":[{"attribute":"database","value":"(default)"},{"attribute":"namespace","value":"(default)"},{"attribute":"document","value":"_meta/currentAlert"}],"pubsubTopic":"projects/safezone-cd4b5/topics/eventarc-eur3-onalertdetected-116582-539","serviceAccountEmail":"78949340231-compute@developer.gserviceaccount.com","retryPolicy":"RETRY_POLICY_DO_NOT_RETRY"},"state":"ACTIVE","labels":{"deployment-tool":"cli-firebase","firebase-functions-hash":"3161b62d6e043105a6edf2587bc85ee6e74b8c04"},"environment":"GEN_2","url":"https://me-west1-safezone-cd4b5.cloudfunctions.net/onAlertDetected","satisfiesPzs":true,"satisfiesPzi":true},"stages":[{"name":"BUILD","message":"Build in progress","state":"IN_PROGRESS","resource":"projects/78949340231/locations/me-west1/builds/c9367e7d-511e-4992-a37f-2853db369261","resourceUri":"https://console.cloud.google.com/cloud-build/builds;region=me-west1/c9367e7d-511e-4992-a37f-2853db369261?project=78949340231"},{"name":"SERVICE","state":"NOT_STARTED"},{"name":"TRIGGER","state":"NOT_STARTED"}],"operationType":"UPDATE_FUNCTION","buildName":"projects/78949340231/locations/me-west1/builds/c9367e7d-511e-4992-a37f-2853db369261"},"done":false}
[debug] [2026-03-17T10:56:52.461Z] <<< [apiv2][status] GET https://cloudfunctions.googleapis.com/v2/projects/safezone-cd4b5/locations/us-central1/operations/operation-1773745007768-64d36311c31c9-71cee6d2-db4e0676 200
[debug] [2026-03-17T10:56:52.461Z] <<< [apiv2][body] GET https://cloudfunctions.googleapis.com/v2/projects/safezone-cd4b5/locations/us-central1/operations/operation-1773745007768-64d36311c31c9-71cee6d2-db4e0676 {"name":"projects/safezone-cd4b5/locations/us-central1/operations/operation-1773745007768-64d36311c31c9-71cee6d2-db4e0676","metadata":{"@type":"type.googleapis.com/google.cloud.functions.v2.OperationMetadata","createTime":"2026-03-17T10:56:50.745183749Z","target":"projects/safezone-cd4b5/locations/us-central1/functions/checkSafeZoneAlerts","verb":"update","cancelRequested":false,"apiVersion":"v2","requestResource":{"@type":"type.googleapis.com/google.cloud.functions.v2.Function","name":"projects/safezone-cd4b5/locations/us-central1/functions/checkSafeZoneAlerts","buildConfig":{"runtime":"nodejs20","entryPoint":"checkSafeZoneAlerts","source":{"storageSource":{"bucket":"gcf-v2-sources-78949340231-us-central1","object":"checkSafeZoneAlerts/function-source.zip","generation":"1773745010677148"}},"environmentVariables":{"GOOGLE_NODE_RUN_SCRIPTS":""},"dockerRepository":"projects/safezone-cd4b5/locations/us-central1/repositories/gcf-artifacts","sourceProvenance":{"resolvedStorageSource":{"bucket":"gcf-v2-sources-78949340231-us-central1","object":"checkSafeZoneAlerts/function-source.zip","generation":"1773736491111895"}},"dockerRegistry":"ARTIFACT_REGISTRY","serviceAccount":"projects/safezone-cd4b5/serviceAccounts/78949340231-compute@developer.gserviceaccount.com","automaticUpdatePolicy":{}},"serviceConfig":{"service":"projects/safezone-cd4b5/locations/us-central1/services/checksafezonealerts","timeoutSeconds":60,"environmentVariables":{"FIREBASE_CONFIG":"{\"projectId\":\"safezone-cd4b5\",\"databaseURL\":\"https://safezone-cd4b5-default-rtdb.europe-west1.firebasedatabase.app\",\"storageBucket\":\"safezone-cd4b5.firebasestorage.app\"}","GCLOUD_PROJECT":"safezone-cd4b5","EVENTARC_CLOUD_EVENT_SOURCE":"projects/safezone-cd4b5/locations/us-central1/services/checkSafeZoneAlerts","FUNCTION_TARGET":"checkSafeZoneAlerts","LOG_EXECUTION_ID":"true"},"ingressSettings":"ALLOW_ALL","uri":"https://checksafezonealerts-2espohqsdq-uc.a.run.app","serviceAccountEmail":"78949340231-compute@developer.gserviceaccount.com","availableMemory":"256Mi","allTrafficOnLatestRevision":true,"revision":"checksafezonealerts-00002-vaw","maxInstanceRequestConcurrency":80,"availableCpu":"1"},"state":"ACTIVE","labels":{"deployment-tool":"cli-firebase","deployment-scheduled":"true","firebase-functions-hash":"3161b62d6e043105a6edf2587bc85ee6e74b8c04"},"environment":"GEN_2","url":"https://us-central1-safezone-cd4b5.cloudfunctions.net/checkSafeZoneAlerts","satisfiesPzi":true},"stages":[{"name":"BUILD","message":"Build in progress","state":"IN_PROGRESS","resource":"projects/78949340231/locations/us-central1/builds/e527b894-0eec-4220-9c8c-c7c50a63839e","resourceUri":"https://console.cloud.google.com/cloud-build/builds;region=us-central1/e527b894-0eec-4220-9c8c-c7c50a63839e?project=78949340231"},{"name":"SERVICE","state":"NOT_STARTED"}],"operationType":"UPDATE_FUNCTION","buildName":"projects/78949340231/locations/us-central1/builds/e527b894-0eec-4220-9c8c-c7c50a63839e"},"done":false}
[debug] [2026-03-17T10:56:53.463Z] [update-default-us-central1-checkSafeZoneAlerts] Retrying task index 0
[debug] [2026-03-17T10:56:53.464Z] Checked if tokens are valid: true, expires at: 1773748587252
[debug] [2026-03-17T10:56:53.464Z] Checked if tokens are valid: true, expires at: 1773748587252
[debug] [2026-03-17T10:56:53.464Z] >>> [apiv2][query] GET https://cloudfunctions.googleapis.com/v2/projects/safezone-cd4b5/locations/us-central1/operations/operation-1773745007768-64d36311c31c9-71cee6d2-db4e0676 [none]
[debug] [2026-03-17T10:56:53.674Z] <<< [apiv2][status] GET https://cloudfunctions.googleapis.com/v2/projects/safezone-cd4b5/locations/us-central1/operations/operation-1773745007768-64d36311c31c9-71cee6d2-db4e0676 200
[debug] [2026-03-17T10:56:53.674Z] <<< [apiv2][body] GET https://cloudfunctions.googleapis.com/v2/projects/safezone-cd4b5/locations/us-central1/operations/operation-1773745007768-64d36311c31c9-71cee6d2-db4e0676 {"name":"projects/safezone-cd4b5/locations/us-central1/operations/operation-1773745007768-64d36311c31c9-71cee6d2-db4e0676","metadata":{"@type":"type.googleapis.com/google.cloud.functions.v2.OperationMetadata","createTime":"2026-03-17T10:56:50.745183749Z","target":"projects/safezone-cd4b5/locations/us-central1/functions/checkSafeZoneAlerts","verb":"update","cancelRequested":false,"apiVersion":"v2","requestResource":{"@type":"type.googleapis.com/google.cloud.functions.v2.Function","name":"projects/safezone-cd4b5/locations/us-central1/functions/checkSafeZoneAlerts","buildConfig":{"runtime":"nodejs20","entryPoint":"checkSafeZoneAlerts","source":{"storageSource":{"bucket":"gcf-v2-sources-78949340231-us-central1","object":"checkSafeZoneAlerts/function-source.zip","generation":"1773745010677148"}},"environmentVariables":{"GOOGLE_NODE_RUN_SCRIPTS":""},"dockerRepository":"projects/safezone-cd4b5/locations/us-central1/repositories/gcf-artifacts","sourceProvenance":{"resolvedStorageSource":{"bucket":"gcf-v2-sources-78949340231-us-central1","object":"checkSafeZoneAlerts/function-source.zip","generation":"1773736491111895"}},"dockerRegistry":"ARTIFACT_REGISTRY","serviceAccount":"projects/safezone-cd4b5/serviceAccounts/78949340231-compute@developer.gserviceaccount.com","automaticUpdatePolicy":{}},"serviceConfig":{"service":"projects/safezone-cd4b5/locations/us-central1/services/checksafezonealerts","timeoutSeconds":60,"environmentVariables":{"FIREBASE_CONFIG":"{\"projectId\":\"safezone-cd4b5\",\"databaseURL\":\"https://safezone-cd4b5-default-rtdb.europe-west1.firebasedatabase.app\",\"storageBucket\":\"safezone-cd4b5.firebasestorage.app\"}","GCLOUD_PROJECT":"safezone-cd4b5","EVENTARC_CLOUD_EVENT_SOURCE":"projects/safezone-cd4b5/locations/us-central1/services/checkSafeZoneAlerts","FUNCTION_TARGET":"checkSafeZoneAlerts","LOG_EXECUTION_ID":"true"},"ingressSettings":"ALLOW_ALL","uri":"https://checksafezonealerts-2espohqsdq-uc.a.run.app","serviceAccountEmail":"78949340231-compute@developer.gserviceaccount.com","availableMemory":"256Mi","allTrafficOnLatestRevision":true,"revision":"checksafezonealerts-00002-vaw","maxInstanceRequestConcurrency":80,"availableCpu":"1"},"state":"ACTIVE","labels":{"deployment-tool":"cli-firebase","deployment-scheduled":"true","firebase-functions-hash":"3161b62d6e043105a6edf2587bc85ee6e74b8c04"},"environment":"GEN_2","url":"https://us-central1-safezone-cd4b5.cloudfunctions.net/checkSafeZoneAlerts","satisfiesPzi":true},"stages":[{"name":"BUILD","message":"Build in progress","state":"IN_PROGRESS","resource":"projects/78949340231/locations/us-central1/builds/e527b894-0eec-4220-9c8c-c7c50a63839e","resourceUri":"https://console.cloud.google.com/cloud-build/builds;region=us-central1/e527b894-0eec-4220-9c8c-c7c50a63839e?project=78949340231"},{"name":"SERVICE","state":"NOT_STARTED"}],"operationType":"UPDATE_FUNCTION","buildName":"projects/78949340231/locations/us-central1/builds/e527b894-0eec-4220-9c8c-c7c50a63839e"},"done":false}
[debug] [2026-03-17T10:56:54.467Z] [update-default-me-west1-onAlertDetected] Retrying task index 0
[debug] [2026-03-17T10:56:54.467Z] Checked if tokens are valid: true, expires at: 1773748587252
[debug] [2026-03-17T10:56:54.468Z] Checked if tokens are valid: true, expires at: 1773748587252
[debug] [2026-03-17T10:56:54.468Z] >>> [apiv2][query] GET https://cloudfunctions.googleapis.com/v2/projects/safezone-cd4b5/locations/me-west1/operations/operation-1773745007981-64d36311f7252-6a2cc941-d8d83098 [none]
[debug] [2026-03-17T10:56:54.870Z] <<< [apiv2][status] GET https://cloudfunctions.googleapis.com/v2/projects/safezone-cd4b5/locations/me-west1/operations/operation-1773745007981-64d36311f7252-6a2cc941-d8d83098 200
[debug] [2026-03-17T10:56:54.871Z] <<< [apiv2][body] GET https://cloudfunctions.googleapis.com/v2/projects/safezone-cd4b5/locations/me-west1/operations/operation-1773745007981-64d36311f7252-6a2cc941-d8d83098 {"name":"projects/safezone-cd4b5/locations/me-west1/operations/operation-1773745007981-64d36311f7252-6a2cc941-d8d83098","metadata":{"@type":"type.googleapis.com/google.cloud.functions.v2.OperationMetadata","createTime":"2026-03-17T10:56:49.417338497Z","target":"projects/safezone-cd4b5/locations/me-west1/functions/onAlertDetected","verb":"update","cancelRequested":false,"apiVersion":"v2","requestResource":{"@type":"type.googleapis.com/google.cloud.functions.v2.Function","name":"projects/safezone-cd4b5/locations/me-west1/functions/onAlertDetected","buildConfig":{"runtime":"nodejs20","entryPoint":"onAlertDetected","source":{"storageSource":{"bucket":"gcf-v2-sources-78949340231-me-west1","object":"onAlertDetected/function-source.zip","generation":"1773745009377444"}},"environmentVariables":{"GOOGLE_NODE_RUN_SCRIPTS":""},"dockerRepository":"projects/safezone-cd4b5/locations/me-west1/repositories/gcf-artifacts","sourceProvenance":{"resolvedStorageSource":{"bucket":"gcf-v2-sources-78949340231-me-west1","object":"onAlertDetected/function-source.zip","generation":"1773736489115248"}},"dockerRegistry":"ARTIFACT_REGISTRY","serviceAccount":"projects/safezone-cd4b5/serviceAccounts/78949340231-compute@developer.gserviceaccount.com","automaticUpdatePolicy":{}},"serviceConfig":{"service":"projects/safezone-cd4b5/locations/me-west1/services/onalertdetected","timeoutSeconds":60,"environmentVariables":{"FIREBASE_CONFIG":"{\"projectId\":\"safezone-cd4b5\",\"databaseURL\":\"https://safezone-cd4b5-default-rtdb.europe-west1.firebasedatabase.app\",\"storageBucket\":\"safezone-cd4b5.firebasestorage.app\"}","GCLOUD_PROJECT":"safezone-cd4b5","EVENTARC_CLOUD_EVENT_SOURCE":"projects/safezone-cd4b5/locations/me-west1/services/onAlertDetected","FUNCTION_SIGNATURE_TYPE":"cloudevent","FUNCTION_TARGET":"onAlertDetected","LOG_EXECUTION_ID":"true"},"ingressSettings":"ALLOW_ALL","uri":"https://onalertdetected-2espohqsdq-zf.a.run.app","serviceAccountEmail":"78949340231-compute@developer.gserviceaccount.com","availableMemory":"256Mi","allTrafficOnLatestRevision":true,"revision":"onalertdetected-00004-hup","maxInstanceRequestConcurrency":80,"availableCpu":"1"},"eventTrigger":{"trigger":"projects/safezone-cd4b5/locations/eur3/triggers/onalertdetected-116582","triggerRegion":"eur3","eventType":"google.cloud.firestore.document.v1.written","eventFilters":[{"attribute":"database","value":"(default)"},{"attribute":"namespace","value":"(default)"},{"attribute":"document","value":"_meta/currentAlert"}],"pubsubTopic":"projects/safezone-cd4b5/topics/eventarc-eur3-onalertdetected-116582-539","serviceAccountEmail":"78949340231-compute@developer.gserviceaccount.com","retryPolicy":"RETRY_POLICY_DO_NOT_RETRY"},"state":"ACTIVE","labels":{"deployment-tool":"cli-firebase","firebase-functions-hash":"3161b62d6e043105a6edf2587bc85ee6e74b8c04"},"environment":"GEN_2","url":"https://me-west1-safezone-cd4b5.cloudfunctions.net/onAlertDetected","satisfiesPzs":true,"satisfiesPzi":true},"stages":[{"name":"BUILD","message":"Build in progress","state":"IN_PROGRESS","resource":"projects/78949340231/locations/me-west1/builds/c9367e7d-511e-4992-a37f-2853db369261","resourceUri":"https://console.cloud.google.com/cloud-build/builds;region=me-west1/c9367e7d-511e-4992-a37f-2853db369261?project=78949340231"},{"name":"SERVICE","state":"NOT_STARTED"},{"name":"TRIGGER","state":"NOT_STARTED"}],"operationType":"UPDATE_FUNCTION","buildName":"projects/78949340231/locations/me-west1/builds/c9367e7d-511e-4992-a37f-2853db369261"},"done":false}
[debug] [2026-03-17T10:56:55.681Z] [update-default-us-central1-checkSafeZoneAlerts] Retrying task index 0
[debug] [2026-03-17T10:56:55.681Z] Checked if tokens are valid: true, expires at: 1773748587252
[debug] [2026-03-17T10:56:55.681Z] Checked if tokens are valid: true, expires at: 1773748587252
[debug] [2026-03-17T10:56:55.681Z] >>> [apiv2][query] GET https://cloudfunctions.googleapis.com/v2/projects/safezone-cd4b5/locations/us-central1/operations/operation-1773745007768-64d36311c31c9-71cee6d2-db4e0676 [none]
[debug] [2026-03-17T10:56:56.425Z] <<< [apiv2][status] GET https://cloudfunctions.googleapis.com/v2/projects/safezone-cd4b5/locations/us-central1/operations/operation-1773745007768-64d36311c31c9-71cee6d2-db4e0676 200
[debug] [2026-03-17T10:56:56.426Z] <<< [apiv2][body] GET https://cloudfunctions.googleapis.com/v2/projects/safezone-cd4b5/locations/us-central1/operations/operation-1773745007768-64d36311c31c9-71cee6d2-db4e0676 {"name":"projects/safezone-cd4b5/locations/us-central1/operations/operation-1773745007768-64d36311c31c9-71cee6d2-db4e0676","metadata":{"@type":"type.googleapis.com/google.cloud.functions.v2.OperationMetadata","createTime":"2026-03-17T10:56:50.745183749Z","target":"projects/safezone-cd4b5/locations/us-central1/functions/checkSafeZoneAlerts","verb":"update","cancelRequested":false,"apiVersion":"v2","requestResource":{"@type":"type.googleapis.com/google.cloud.functions.v2.Function","name":"projects/safezone-cd4b5/locations/us-central1/functions/checkSafeZoneAlerts","buildConfig":{"runtime":"nodejs20","entryPoint":"checkSafeZoneAlerts","source":{"storageSource":{"bucket":"gcf-v2-sources-78949340231-us-central1","object":"checkSafeZoneAlerts/function-source.zip","generation":"1773745010677148"}},"environmentVariables":{"GOOGLE_NODE_RUN_SCRIPTS":""},"dockerRepository":"projects/safezone-cd4b5/locations/us-central1/repositories/gcf-artifacts","sourceProvenance":{"resolvedStorageSource":{"bucket":"gcf-v2-sources-78949340231-us-central1","object":"checkSafeZoneAlerts/function-source.zip","generation":"1773736491111895"}},"dockerRegistry":"ARTIFACT_REGISTRY","serviceAccount":"projects/safezone-cd4b5/serviceAccounts/78949340231-compute@developer.gserviceaccount.com","automaticUpdatePolicy":{}},"serviceConfig":{"service":"projects/safezone-cd4b5/locations/us-central1/services/checksafezonealerts","timeoutSeconds":60,"environmentVariables":{"FIREBASE_CONFIG":"{\"projectId\":\"safezone-cd4b5\",\"databaseURL\":\"https://safezone-cd4b5-default-rtdb.europe-west1.firebasedatabase.app\",\"storageBucket\":\"safezone-cd4b5.firebasestorage.app\"}","GCLOUD_PROJECT":"safezone-cd4b5","EVENTARC_CLOUD_EVENT_SOURCE":"projects/safezone-cd4b5/locations/us-central1/services/checkSafeZoneAlerts","FUNCTION_TARGET":"checkSafeZoneAlerts","LOG_EXECUTION_ID":"true"},"ingressSettings":"ALLOW_ALL","uri":"https://checksafezonealerts-2espohqsdq-uc.a.run.app","serviceAccountEmail":"78949340231-compute@developer.gserviceaccount.com","availableMemory":"256Mi","allTrafficOnLatestRevision":true,"revision":"checksafezonealerts-00002-vaw","maxInstanceRequestConcurrency":80,"availableCpu":"1"},"state":"ACTIVE","labels":{"deployment-tool":"cli-firebase","deployment-scheduled":"true","firebase-functions-hash":"3161b62d6e043105a6edf2587bc85ee6e74b8c04"},"environment":"GEN_2","url":"https://us-central1-safezone-cd4b5.cloudfunctions.net/checkSafeZoneAlerts","satisfiesPzi":true},"stages":[{"name":"BUILD","message":"Build in progress","state":"IN_PROGRESS","resource":"projects/78949340231/locations/us-central1/builds/e527b894-0eec-4220-9c8c-c7c50a63839e","resourceUri":"https://console.cloud.google.com/cloud-build/builds;region=us-central1/e527b894-0eec-4220-9c8c-c7c50a63839e?project=78949340231"},{"name":"SERVICE","state":"NOT_STARTED"}],"operationType":"UPDATE_FUNCTION","buildName":"projects/78949340231/locations/us-central1/builds/e527b894-0eec-4220-9c8c-c7c50a63839e"},"done":false}
[debug] [2026-03-17T10:56:58.878Z] [update-default-me-west1-onAlertDetected] Retrying task index 0
[debug] [2026-03-17T10:56:58.878Z] Checked if tokens are valid: true, expires at: 1773748587252
[debug] [2026-03-17T10:56:58.879Z] Checked if tokens are valid: true, expires at: 1773748587252
[debug] [2026-03-17T10:56:58.879Z] >>> [apiv2][query] GET https://cloudfunctions.googleapis.com/v2/projects/safezone-cd4b5/locations/me-west1/operations/operation-1773745007981-64d36311f7252-6a2cc941-d8d83098 [none]
[debug] [2026-03-17T10:56:59.012Z] <<< [apiv2][status] GET https://cloudfunctions.googleapis.com/v2/projects/safezone-cd4b5/locations/me-west1/operations/operation-1773745007981-64d36311f7252-6a2cc941-d8d83098 200
[debug] [2026-03-17T10:56:59.012Z] <<< [apiv2][body] GET https://cloudfunctions.googleapis.com/v2/projects/safezone-cd4b5/locations/me-west1/operations/operation-1773745007981-64d36311f7252-6a2cc941-d8d83098 {"name":"projects/safezone-cd4b5/locations/me-west1/operations/operation-1773745007981-64d36311f7252-6a2cc941-d8d83098","metadata":{"@type":"type.googleapis.com/google.cloud.functions.v2.OperationMetadata","createTime":"2026-03-17T10:56:49.417338497Z","target":"projects/safezone-cd4b5/locations/me-west1/functions/onAlertDetected","verb":"update","cancelRequested":false,"apiVersion":"v2","requestResource":{"@type":"type.googleapis.com/google.cloud.functions.v2.Function","name":"projects/safezone-cd4b5/locations/me-west1/functions/onAlertDetected","buildConfig":{"runtime":"nodejs20","entryPoint":"onAlertDetected","source":{"storageSource":{"bucket":"gcf-v2-sources-78949340231-me-west1","object":"onAlertDetected/function-source.zip","generation":"1773745009377444"}},"environmentVariables":{"GOOGLE_NODE_RUN_SCRIPTS":""},"dockerRepository":"projects/safezone-cd4b5/locations/me-west1/repositories/gcf-artifacts","sourceProvenance":{"resolvedStorageSource":{"bucket":"gcf-v2-sources-78949340231-me-west1","object":"onAlertDetected/function-source.zip","generation":"1773736489115248"}},"dockerRegistry":"ARTIFACT_REGISTRY","serviceAccount":"projects/safezone-cd4b5/serviceAccounts/78949340231-compute@developer.gserviceaccount.com","automaticUpdatePolicy":{}},"serviceConfig":{"service":"projects/safezone-cd4b5/locations/me-west1/services/onalertdetected","timeoutSeconds":60,"environmentVariables":{"FIREBASE_CONFIG":"{\"projectId\":\"safezone-cd4b5\",\"databaseURL\":\"https://safezone-cd4b5-default-rtdb.europe-west1.firebasedatabase.app\",\"storageBucket\":\"safezone-cd4b5.firebasestorage.app\"}","GCLOUD_PROJECT":"safezone-cd4b5","EVENTARC_CLOUD_EVENT_SOURCE":"projects/safezone-cd4b5/locations/me-west1/services/onAlertDetected","FUNCTION_SIGNATURE_TYPE":"cloudevent","FUNCTION_TARGET":"onAlertDetected","LOG_EXECUTION_ID":"true"},"ingressSettings":"ALLOW_ALL","uri":"https://onalertdetected-2espohqsdq-zf.a.run.app","serviceAccountEmail":"78949340231-compute@developer.gserviceaccount.com","availableMemory":"256Mi","allTrafficOnLatestRevision":true,"revision":"onalertdetected-00004-hup","maxInstanceRequestConcurrency":80,"availableCpu":"1"},"eventTrigger":{"trigger":"projects/safezone-cd4b5/locations/eur3/triggers/onalertdetected-116582","triggerRegion":"eur3","eventType":"google.cloud.firestore.document.v1.written","eventFilters":[{"attribute":"database","value":"(default)"},{"attribute":"namespace","value":"(default)"},{"attribute":"document","value":"_meta/currentAlert"}],"pubsubTopic":"projects/safezone-cd4b5/topics/eventarc-eur3-onalertdetected-116582-539","serviceAccountEmail":"78949340231-compute@developer.gserviceaccount.com","retryPolicy":"RETRY_POLICY_DO_NOT_RETRY"},"state":"ACTIVE","labels":{"deployment-tool":"cli-firebase","firebase-functions-hash":"3161b62d6e043105a6edf2587bc85ee6e74b8c04"},"environment":"GEN_2","url":"https://me-west1-safezone-cd4b5.cloudfunctions.net/onAlertDetected","satisfiesPzs":true,"satisfiesPzi":true},"stages":[{"name":"BUILD","message":"Build in progress","state":"IN_PROGRESS","resource":"projects/78949340231/locations/me-west1/builds/c9367e7d-511e-4992-a37f-2853db369261","resourceUri":"https://console.cloud.google.com/cloud-build/builds;region=me-west1/c9367e7d-511e-4992-a37f-2853db369261?project=78949340231"},{"name":"SERVICE","state":"NOT_STARTED"},{"name":"TRIGGER","state":"NOT_STARTED"}],"operationType":"UPDATE_FUNCTION","buildName":"projects/78949340231/locations/me-west1/builds/c9367e7d-511e-4992-a37f-2853db369261"},"done":false}
[debug] [2026-03-17T10:57:00.428Z] [update-default-us-central1-checkSafeZoneAlerts] Retrying task index 0
[debug] [2026-03-17T10:57:00.428Z] Checked if tokens are valid: true, expires at: 1773748587252
[debug] [2026-03-17T10:57:00.428Z] Checked if tokens are valid: true, expires at: 1773748587252
[debug] [2026-03-17T10:57:00.429Z] >>> [apiv2][query] GET https://cloudfunctions.googleapis.com/v2/projects/safezone-cd4b5/locations/us-central1/operations/operation-1773745007768-64d36311c31c9-71cee6d2-db4e0676 [none]
[debug] [2026-03-17T10:57:00.613Z] <<< [apiv2][status] GET https://cloudfunctions.googleapis.com/v2/projects/safezone-cd4b5/locations/us-central1/operations/operation-1773745007768-64d36311c31c9-71cee6d2-db4e0676 200
[debug] [2026-03-17T10:57:00.613Z] <<< [apiv2][body] GET https://cloudfunctions.googleapis.com/v2/projects/safezone-cd4b5/locations/us-central1/operations/operation-1773745007768-64d36311c31c9-71cee6d2-db4e0676 {"name":"projects/safezone-cd4b5/locations/us-central1/operations/operation-1773745007768-64d36311c31c9-71cee6d2-db4e0676","metadata":{"@type":"type.googleapis.com/google.cloud.functions.v2.OperationMetadata","createTime":"2026-03-17T10:56:50.745183749Z","target":"projects/safezone-cd4b5/locations/us-central1/functions/checkSafeZoneAlerts","verb":"update","cancelRequested":false,"apiVersion":"v2","requestResource":{"@type":"type.googleapis.com/google.cloud.functions.v2.Function","name":"projects/safezone-cd4b5/locations/us-central1/functions/checkSafeZoneAlerts","buildConfig":{"runtime":"nodejs20","entryPoint":"checkSafeZoneAlerts","source":{"storageSource":{"bucket":"gcf-v2-sources-78949340231-us-central1","object":"checkSafeZoneAlerts/function-source.zip","generation":"1773745010677148"}},"environmentVariables":{"GOOGLE_NODE_RUN_SCRIPTS":""},"dockerRepository":"projects/safezone-cd4b5/locations/us-central1/repositories/gcf-artifacts","sourceProvenance":{"resolvedStorageSource":{"bucket":"gcf-v2-sources-78949340231-us-central1","object":"checkSafeZoneAlerts/function-source.zip","generation":"1773736491111895"}},"dockerRegistry":"ARTIFACT_REGISTRY","serviceAccount":"projects/safezone-cd4b5/serviceAccounts/78949340231-compute@developer.gserviceaccount.com","automaticUpdatePolicy":{}},"serviceConfig":{"service":"projects/safezone-cd4b5/locations/us-central1/services/checksafezonealerts","timeoutSeconds":60,"environmentVariables":{"FIREBASE_CONFIG":"{\"projectId\":\"safezone-cd4b5\",\"databaseURL\":\"https://safezone-cd4b5-default-rtdb.europe-west1.firebasedatabase.app\",\"storageBucket\":\"safezone-cd4b5.firebasestorage.app\"}","GCLOUD_PROJECT":"safezone-cd4b5","EVENTARC_CLOUD_EVENT_SOURCE":"projects/safezone-cd4b5/locations/us-central1/services/checkSafeZoneAlerts","FUNCTION_TARGET":"checkSafeZoneAlerts","LOG_EXECUTION_ID":"true"},"ingressSettings":"ALLOW_ALL","uri":"https://checksafezonealerts-2espohqsdq-uc.a.run.app","serviceAccountEmail":"78949340231-compute@developer.gserviceaccount.com","availableMemory":"256Mi","allTrafficOnLatestRevision":true,"revision":"checksafezonealerts-00002-vaw","maxInstanceRequestConcurrency":80,"availableCpu":"1"},"state":"ACTIVE","labels":{"deployment-tool":"cli-firebase","deployment-scheduled":"true","firebase-functions-hash":"3161b62d6e043105a6edf2587bc85ee6e74b8c04"},"environment":"GEN_2","url":"https://us-central1-safezone-cd4b5.cloudfunctions.net/checkSafeZoneAlerts","satisfiesPzi":true},"stages":[{"name":"BUILD","message":"Build in progress","state":"IN_PROGRESS","resource":"projects/78949340231/locations/us-central1/builds/e527b894-0eec-4220-9c8c-c7c50a63839e","resourceUri":"https://console.cloud.google.com/cloud-build/builds;region=us-central1/e527b894-0eec-4220-9c8c-c7c50a63839e?project=78949340231"},{"name":"SERVICE","state":"NOT_STARTED"}],"operationType":"UPDATE_FUNCTION","buildName":"projects/78949340231/locations/us-central1/builds/e527b894-0eec-4220-9c8c-c7c50a63839e"},"done":false}
[debug] [2026-03-17T10:57:07.023Z] [update-default-me-west1-onAlertDetected] Retrying task index 0
[debug] [2026-03-17T10:57:07.023Z] Checked if tokens are valid: true, expires at: 1773748587252
[debug] [2026-03-17T10:57:07.023Z] Checked if tokens are valid: true, expires at: 1773748587252
[debug] [2026-03-17T10:57:07.023Z] >>> [apiv2][query] GET https://cloudfunctions.googleapis.com/v2/projects/safezone-cd4b5/locations/me-west1/operations/operation-1773745007981-64d36311f7252-6a2cc941-d8d83098 [none]
[debug] [2026-03-17T10:57:07.557Z] <<< [apiv2][status] GET https://cloudfunctions.googleapis.com/v2/projects/safezone-cd4b5/locations/me-west1/operations/operation-1773745007981-64d36311f7252-6a2cc941-d8d83098 200
[debug] [2026-03-17T10:57:07.557Z] <<< [apiv2][body] GET https://cloudfunctions.googleapis.com/v2/projects/safezone-cd4b5/locations/me-west1/operations/operation-1773745007981-64d36311f7252-6a2cc941-d8d83098 {"name":"projects/safezone-cd4b5/locations/me-west1/operations/operation-1773745007981-64d36311f7252-6a2cc941-d8d83098","metadata":{"@type":"type.googleapis.com/google.cloud.functions.v2.OperationMetadata","createTime":"2026-03-17T10:56:49.417338497Z","target":"projects/safezone-cd4b5/locations/me-west1/functions/onAlertDetected","verb":"update","cancelRequested":false,"apiVersion":"v2","requestResource":{"@type":"type.googleapis.com/google.cloud.functions.v2.Function","name":"projects/safezone-cd4b5/locations/me-west1/functions/onAlertDetected","buildConfig":{"runtime":"nodejs20","entryPoint":"onAlertDetected","source":{"storageSource":{"bucket":"gcf-v2-sources-78949340231-me-west1","object":"onAlertDetected/function-source.zip","generation":"1773745009377444"}},"environmentVariables":{"GOOGLE_NODE_RUN_SCRIPTS":""},"dockerRepository":"projects/safezone-cd4b5/locations/me-west1/repositories/gcf-artifacts","sourceProvenance":{"resolvedStorageSource":{"bucket":"gcf-v2-sources-78949340231-me-west1","object":"onAlertDetected/function-source.zip","generation":"1773736489115248"}},"dockerRegistry":"ARTIFACT_REGISTRY","serviceAccount":"projects/safezone-cd4b5/serviceAccounts/78949340231-compute@developer.gserviceaccount.com","automaticUpdatePolicy":{}},"serviceConfig":{"service":"projects/safezone-cd4b5/locations/me-west1/services/onalertdetected","timeoutSeconds":60,"environmentVariables":{"FIREBASE_CONFIG":"{\"projectId\":\"safezone-cd4b5\",\"databaseURL\":\"https://safezone-cd4b5-default-rtdb.europe-west1.firebasedatabase.app\",\"storageBucket\":\"safezone-cd4b5.firebasestorage.app\"}","GCLOUD_PROJECT":"safezone-cd4b5","EVENTARC_CLOUD_EVENT_SOURCE":"projects/safezone-cd4b5/locations/me-west1/services/onAlertDetected","FUNCTION_SIGNATURE_TYPE":"cloudevent","FUNCTION_TARGET":"onAlertDetected","LOG_EXECUTION_ID":"true"},"ingressSettings":"ALLOW_ALL","uri":"https://onalertdetected-2espohqsdq-zf.a.run.app","serviceAccountEmail":"78949340231-compute@developer.gserviceaccount.com","availableMemory":"256Mi","allTrafficOnLatestRevision":true,"revision":"onalertdetected-00004-hup","maxInstanceRequestConcurrency":80,"availableCpu":"1"},"eventTrigger":{"trigger":"projects/safezone-cd4b5/locations/eur3/triggers/onalertdetected-116582","triggerRegion":"eur3","eventType":"google.cloud.firestore.document.v1.written","eventFilters":[{"attribute":"database","value":"(default)"},{"attribute":"namespace","value":"(default)"},{"attribute":"document","value":"_meta/currentAlert"}],"pubsubTopic":"projects/safezone-cd4b5/topics/eventarc-eur3-onalertdetected-116582-539","serviceAccountEmail":"78949340231-compute@developer.gserviceaccount.com","retryPolicy":"RETRY_POLICY_DO_NOT_RETRY"},"state":"ACTIVE","labels":{"deployment-tool":"cli-firebase","firebase-functions-hash":"3161b62d6e043105a6edf2587bc85ee6e74b8c04"},"environment":"GEN_2","url":"https://me-west1-safezone-cd4b5.cloudfunctions.net/onAlertDetected","satisfiesPzs":true,"satisfiesPzi":true},"stages":[{"name":"BUILD","message":"Build in progress","state":"IN_PROGRESS","resource":"projects/78949340231/locations/me-west1/builds/c9367e7d-511e-4992-a37f-2853db369261","resourceUri":"https://console.cloud.google.com/cloud-build/builds;region=me-west1/c9367e7d-511e-4992-a37f-2853db369261?project=78949340231"},{"name":"SERVICE","state":"NOT_STARTED"},{"name":"TRIGGER","state":"NOT_STARTED"}],"operationType":"UPDATE_FUNCTION","buildName":"projects/78949340231/locations/me-west1/builds/c9367e7d-511e-4992-a37f-2853db369261"},"done":false}
[debug] [2026-03-17T10:57:08.615Z] [update-default-us-central1-checkSafeZoneAlerts] Retrying task index 0
[debug] [2026-03-17T10:57:08.615Z] Checked if tokens are valid: true, expires at: 1773748587252
[debug] [2026-03-17T10:57:08.615Z] Checked if tokens are valid: true, expires at: 1773748587252
[debug] [2026-03-17T10:57:08.615Z] >>> [apiv2][query] GET https://cloudfunctions.googleapis.com/v2/projects/safezone-cd4b5/locations/us-central1/operations/operation-1773745007768-64d36311c31c9-71cee6d2-db4e0676 [none]
[debug] [2026-03-17T10:57:09.358Z] <<< [apiv2][status] GET https://cloudfunctions.googleapis.com/v2/projects/safezone-cd4b5/locations/us-central1/operations/operation-1773745007768-64d36311c31c9-71cee6d2-db4e0676 200
[debug] [2026-03-17T10:57:09.358Z] <<< [apiv2][body] GET https://cloudfunctions.googleapis.com/v2/projects/safezone-cd4b5/locations/us-central1/operations/operation-1773745007768-64d36311c31c9-71cee6d2-db4e0676 {"name":"projects/safezone-cd4b5/locations/us-central1/operations/operation-1773745007768-64d36311c31c9-71cee6d2-db4e0676","metadata":{"@type":"type.googleapis.com/google.cloud.functions.v2.OperationMetadata","createTime":"2026-03-17T10:56:50.745183749Z","target":"projects/safezone-cd4b5/locations/us-central1/functions/checkSafeZoneAlerts","verb":"update","cancelRequested":false,"apiVersion":"v2","requestResource":{"@type":"type.googleapis.com/google.cloud.functions.v2.Function","name":"projects/safezone-cd4b5/locations/us-central1/functions/checkSafeZoneAlerts","buildConfig":{"runtime":"nodejs20","entryPoint":"checkSafeZoneAlerts","source":{"storageSource":{"bucket":"gcf-v2-sources-78949340231-us-central1","object":"checkSafeZoneAlerts/function-source.zip","generation":"1773745010677148"}},"environmentVariables":{"GOOGLE_NODE_RUN_SCRIPTS":""},"dockerRepository":"projects/safezone-cd4b5/locations/us-central1/repositories/gcf-artifacts","sourceProvenance":{"resolvedStorageSource":{"bucket":"gcf-v2-sources-78949340231-us-central1","object":"checkSafeZoneAlerts/function-source.zip","generation":"1773736491111895"}},"dockerRegistry":"ARTIFACT_REGISTRY","serviceAccount":"projects/safezone-cd4b5/serviceAccounts/78949340231-compute@developer.gserviceaccount.com","automaticUpdatePolicy":{}},"serviceConfig":{"service":"projects/safezone-cd4b5/locations/us-central1/services/checksafezonealerts","timeoutSeconds":60,"environmentVariables":{"FIREBASE_CONFIG":"{\"projectId\":\"safezone-cd4b5\",\"databaseURL\":\"https://safezone-cd4b5-default-rtdb.europe-west1.firebasedatabase.app\",\"storageBucket\":\"safezone-cd4b5.firebasestorage.app\"}","GCLOUD_PROJECT":"safezone-cd4b5","EVENTARC_CLOUD_EVENT_SOURCE":"projects/safezone-cd4b5/locations/us-central1/services/checkSafeZoneAlerts","FUNCTION_TARGET":"checkSafeZoneAlerts","LOG_EXECUTION_ID":"true"},"ingressSettings":"ALLOW_ALL","uri":"https://checksafezonealerts-2espohqsdq-uc.a.run.app","serviceAccountEmail":"78949340231-compute@developer.gserviceaccount.com","availableMemory":"256Mi","allTrafficOnLatestRevision":true,"revision":"checksafezonealerts-00002-vaw","maxInstanceRequestConcurrency":80,"availableCpu":"1"},"state":"ACTIVE","labels":{"deployment-tool":"cli-firebase","deployment-scheduled":"true","firebase-functions-hash":"3161b62d6e043105a6edf2587bc85ee6e74b8c04"},"environment":"GEN_2","url":"https://us-central1-safezone-cd4b5.cloudfunctions.net/checkSafeZoneAlerts","satisfiesPzi":true},"stages":[{"name":"BUILD","message":"Build in progress","state":"IN_PROGRESS","resource":"projects/78949340231/locations/us-central1/builds/e527b894-0eec-4220-9c8c-c7c50a63839e","resourceUri":"https://console.cloud.google.com/cloud-build/builds;region=us-central1/e527b894-0eec-4220-9c8c-c7c50a63839e?project=78949340231"},{"name":"SERVICE","state":"NOT_STARTED"}],"operationType":"UPDATE_FUNCTION","buildName":"projects/78949340231/locations/us-central1/builds/e527b894-0eec-4220-9c8c-c7c50a63839e"},"done":false}
[debug] [2026-03-17T10:57:17.571Z] [update-default-me-west1-onAlertDetected] Retrying task index 0
[debug] [2026-03-17T10:57:17.572Z] Checked if tokens are valid: true, expires at: 1773748587252
[debug] [2026-03-17T10:57:17.572Z] Checked if tokens are valid: true, expires at: 1773748587252
[debug] [2026-03-17T10:57:17.572Z] >>> [apiv2][query] GET https://cloudfunctions.googleapis.com/v2/projects/safezone-cd4b5/locations/me-west1/operations/operation-1773745007981-64d36311f7252-6a2cc941-d8d83098 [none]
[debug] [2026-03-17T10:57:18.061Z] <<< [apiv2][status] GET https://cloudfunctions.googleapis.com/v2/projects/safezone-cd4b5/locations/me-west1/operations/operation-1773745007981-64d36311f7252-6a2cc941-d8d83098 200
[debug] [2026-03-17T10:57:18.062Z] <<< [apiv2][body] GET https://cloudfunctions.googleapis.com/v2/projects/safezone-cd4b5/locations/me-west1/operations/operation-1773745007981-64d36311f7252-6a2cc941-d8d83098 {"name":"projects/safezone-cd4b5/locations/me-west1/operations/operation-1773745007981-64d36311f7252-6a2cc941-d8d83098","metadata":{"@type":"type.googleapis.com/google.cloud.functions.v2.OperationMetadata","createTime":"2026-03-17T10:56:49.417338497Z","target":"projects/safezone-cd4b5/locations/me-west1/functions/onAlertDetected","verb":"update","cancelRequested":false,"apiVersion":"v2","requestResource":{"@type":"type.googleapis.com/google.cloud.functions.v2.Function","name":"projects/safezone-cd4b5/locations/me-west1/functions/onAlertDetected","buildConfig":{"runtime":"nodejs20","entryPoint":"onAlertDetected","source":{"storageSource":{"bucket":"gcf-v2-sources-78949340231-me-west1","object":"onAlertDetected/function-source.zip","generation":"1773745009377444"}},"environmentVariables":{"GOOGLE_NODE_RUN_SCRIPTS":""},"dockerRepository":"projects/safezone-cd4b5/locations/me-west1/repositories/gcf-artifacts","sourceProvenance":{"resolvedStorageSource":{"bucket":"gcf-v2-sources-78949340231-me-west1","object":"onAlertDetected/function-source.zip","generation":"1773736489115248"}},"dockerRegistry":"ARTIFACT_REGISTRY","serviceAccount":"projects/safezone-cd4b5/serviceAccounts/78949340231-compute@developer.gserviceaccount.com","automaticUpdatePolicy":{}},"serviceConfig":{"service":"projects/safezone-cd4b5/locations/me-west1/services/onalertdetected","timeoutSeconds":60,"environmentVariables":{"FIREBASE_CONFIG":"{\"projectId\":\"safezone-cd4b5\",\"databaseURL\":\"https://safezone-cd4b5-default-rtdb.europe-west1.firebasedatabase.app\",\"storageBucket\":\"safezone-cd4b5.firebasestorage.app\"}","GCLOUD_PROJECT":"safezone-cd4b5","EVENTARC_CLOUD_EVENT_SOURCE":"projects/safezone-cd4b5/locations/me-west1/services/onAlertDetected","FUNCTION_SIGNATURE_TYPE":"cloudevent","FUNCTION_TARGET":"onAlertDetected","LOG_EXECUTION_ID":"true"},"ingressSettings":"ALLOW_ALL","uri":"https://onalertdetected-2espohqsdq-zf.a.run.app","serviceAccountEmail":"78949340231-compute@developer.gserviceaccount.com","availableMemory":"256Mi","allTrafficOnLatestRevision":true,"revision":"onalertdetected-00004-hup","maxInstanceRequestConcurrency":80,"availableCpu":"1"},"eventTrigger":{"trigger":"projects/safezone-cd4b5/locations/eur3/triggers/onalertdetected-116582","triggerRegion":"eur3","eventType":"google.cloud.firestore.document.v1.written","eventFilters":[{"attribute":"database","value":"(default)"},{"attribute":"namespace","value":"(default)"},{"attribute":"document","value":"_meta/currentAlert"}],"pubsubTopic":"projects/safezone-cd4b5/topics/eventarc-eur3-onalertdetected-116582-539","serviceAccountEmail":"78949340231-compute@developer.gserviceaccount.com","retryPolicy":"RETRY_POLICY_DO_NOT_RETRY"},"state":"ACTIVE","labels":{"deployment-tool":"cli-firebase","firebase-functions-hash":"3161b62d6e043105a6edf2587bc85ee6e74b8c04"},"environment":"GEN_2","url":"https://me-west1-safezone-cd4b5.cloudfunctions.net/onAlertDetected","satisfiesPzs":true,"satisfiesPzi":true},"stages":[{"name":"BUILD","message":"Build in progress","state":"IN_PROGRESS","resource":"projects/78949340231/locations/me-west1/builds/c9367e7d-511e-4992-a37f-2853db369261","resourceUri":"https://console.cloud.google.com/cloud-build/builds;region=me-west1/c9367e7d-511e-4992-a37f-2853db369261?project=78949340231"},{"name":"SERVICE","state":"NOT_STARTED"},{"name":"TRIGGER","state":"NOT_STARTED"}],"operationType":"UPDATE_FUNCTION","buildName":"projects/78949340231/locations/me-west1/builds/c9367e7d-511e-4992-a37f-2853db369261"},"done":false}
[debug] [2026-03-17T10:57:19.361Z] [update-default-us-central1-checkSafeZoneAlerts] Retrying task index 0
[debug] [2026-03-17T10:57:19.361Z] Checked if tokens are valid: true, expires at: 1773748587252
[debug] [2026-03-17T10:57:19.361Z] Checked if tokens are valid: true, expires at: 1773748587252
[debug] [2026-03-17T10:57:19.361Z] >>> [apiv2][query] GET https://cloudfunctions.googleapis.com/v2/projects/safezone-cd4b5/locations/us-central1/operations/operation-1773745007768-64d36311c31c9-71cee6d2-db4e0676 [none]
[debug] [2026-03-17T10:57:20.109Z] <<< [apiv2][status] GET https://cloudfunctions.googleapis.com/v2/projects/safezone-cd4b5/locations/us-central1/operations/operation-1773745007768-64d36311c31c9-71cee6d2-db4e0676 200
[debug] [2026-03-17T10:57:20.109Z] <<< [apiv2][body] GET https://cloudfunctions.googleapis.com/v2/projects/safezone-cd4b5/locations/us-central1/operations/operation-1773745007768-64d36311c31c9-71cee6d2-db4e0676 {"name":"projects/safezone-cd4b5/locations/us-central1/operations/operation-1773745007768-64d36311c31c9-71cee6d2-db4e0676","metadata":{"@type":"type.googleapis.com/google.cloud.functions.v2.OperationMetadata","createTime":"2026-03-17T10:56:50.745183749Z","target":"projects/safezone-cd4b5/locations/us-central1/functions/checkSafeZoneAlerts","verb":"update","cancelRequested":false,"apiVersion":"v2","requestResource":{"@type":"type.googleapis.com/google.cloud.functions.v2.Function","name":"projects/safezone-cd4b5/locations/us-central1/functions/checkSafeZoneAlerts","buildConfig":{"runtime":"nodejs20","entryPoint":"checkSafeZoneAlerts","source":{"storageSource":{"bucket":"gcf-v2-sources-78949340231-us-central1","object":"checkSafeZoneAlerts/function-source.zip","generation":"1773745010677148"}},"environmentVariables":{"GOOGLE_NODE_RUN_SCRIPTS":""},"dockerRepository":"projects/safezone-cd4b5/locations/us-central1/repositories/gcf-artifacts","sourceProvenance":{"resolvedStorageSource":{"bucket":"gcf-v2-sources-78949340231-us-central1","object":"checkSafeZoneAlerts/function-source.zip","generation":"1773736491111895"}},"dockerRegistry":"ARTIFACT_REGISTRY","serviceAccount":"projects/safezone-cd4b5/serviceAccounts/78949340231-compute@developer.gserviceaccount.com","automaticUpdatePolicy":{}},"serviceConfig":{"service":"projects/safezone-cd4b5/locations/us-central1/services/checksafezonealerts","timeoutSeconds":60,"environmentVariables":{"FIREBASE_CONFIG":"{\"projectId\":\"safezone-cd4b5\",\"databaseURL\":\"https://safezone-cd4b5-default-rtdb.europe-west1.firebasedatabase.app\",\"storageBucket\":\"safezone-cd4b5.firebasestorage.app\"}","GCLOUD_PROJECT":"safezone-cd4b5","EVENTARC_CLOUD_EVENT_SOURCE":"projects/safezone-cd4b5/locations/us-central1/services/checkSafeZoneAlerts","FUNCTION_TARGET":"checkSafeZoneAlerts","LOG_EXECUTION_ID":"true"},"ingressSettings":"ALLOW_ALL","uri":"https://checksafezonealerts-2espohqsdq-uc.a.run.app","serviceAccountEmail":"78949340231-compute@developer.gserviceaccount.com","availableMemory":"256Mi","allTrafficOnLatestRevision":true,"revision":"checksafezonealerts-00002-vaw","maxInstanceRequestConcurrency":80,"availableCpu":"1"},"state":"ACTIVE","labels":{"deployment-tool":"cli-firebase","deployment-scheduled":"true","firebase-functions-hash":"3161b62d6e043105a6edf2587bc85ee6e74b8c04"},"environment":"GEN_2","url":"https://us-central1-safezone-cd4b5.cloudfunctions.net/checkSafeZoneAlerts","satisfiesPzi":true},"stages":[{"name":"BUILD","message":"Build in progress","state":"IN_PROGRESS","resource":"projects/78949340231/locations/us-central1/builds/e527b894-0eec-4220-9c8c-c7c50a63839e","resourceUri":"https://console.cloud.google.com/cloud-build/builds;region=us-central1/e527b894-0eec-4220-9c8c-c7c50a63839e?project=78949340231"},{"name":"SERVICE","state":"NOT_STARTED"}],"operationType":"UPDATE_FUNCTION","buildName":"projects/78949340231/locations/us-central1/builds/e527b894-0eec-4220-9c8c-c7c50a63839e"},"done":false}
[debug] [2026-03-17T10:57:28.063Z] [update-default-me-west1-onAlertDetected] Retrying task index 0
[debug] [2026-03-17T10:57:28.063Z] Checked if tokens are valid: true, expires at: 1773748587252
[debug] [2026-03-17T10:57:28.063Z] Checked if tokens are valid: true, expires at: 1773748587252
[debug] [2026-03-17T10:57:28.064Z] >>> [apiv2][query] GET https://cloudfunctions.googleapis.com/v2/projects/safezone-cd4b5/locations/me-west1/operations/operation-1773745007981-64d36311f7252-6a2cc941-d8d83098 [none]
[debug] [2026-03-17T10:57:28.604Z] <<< [apiv2][status] GET https://cloudfunctions.googleapis.com/v2/projects/safezone-cd4b5/locations/me-west1/operations/operation-1773745007981-64d36311f7252-6a2cc941-d8d83098 200
[debug] [2026-03-17T10:57:28.604Z] <<< [apiv2][body] GET https://cloudfunctions.googleapis.com/v2/projects/safezone-cd4b5/locations/me-west1/operations/operation-1773745007981-64d36311f7252-6a2cc941-d8d83098 {"name":"projects/safezone-cd4b5/locations/me-west1/operations/operation-1773745007981-64d36311f7252-6a2cc941-d8d83098","metadata":{"@type":"type.googleapis.com/google.cloud.functions.v2.OperationMetadata","createTime":"2026-03-17T10:56:49.417338497Z","target":"projects/safezone-cd4b5/locations/me-west1/functions/onAlertDetected","verb":"update","cancelRequested":false,"apiVersion":"v2","requestResource":{"@type":"type.googleapis.com/google.cloud.functions.v2.Function","name":"projects/safezone-cd4b5/locations/me-west1/functions/onAlertDetected","buildConfig":{"runtime":"nodejs20","entryPoint":"onAlertDetected","source":{"storageSource":{"bucket":"gcf-v2-sources-78949340231-me-west1","object":"onAlertDetected/function-source.zip","generation":"1773745009377444"}},"environmentVariables":{"GOOGLE_NODE_RUN_SCRIPTS":""},"dockerRepository":"projects/safezone-cd4b5/locations/me-west1/repositories/gcf-artifacts","sourceProvenance":{"resolvedStorageSource":{"bucket":"gcf-v2-sources-78949340231-me-west1","object":"onAlertDetected/function-source.zip","generation":"1773736489115248"}},"dockerRegistry":"ARTIFACT_REGISTRY","serviceAccount":"projects/safezone-cd4b5/serviceAccounts/78949340231-compute@developer.gserviceaccount.com","automaticUpdatePolicy":{}},"serviceConfig":{"service":"projects/safezone-cd4b5/locations/me-west1/services/onalertdetected","timeoutSeconds":60,"environmentVariables":{"FIREBASE_CONFIG":"{\"projectId\":\"safezone-cd4b5\",\"databaseURL\":\"https://safezone-cd4b5-default-rtdb.europe-west1.firebasedatabase.app\",\"storageBucket\":\"safezone-cd4b5.firebasestorage.app\"}","GCLOUD_PROJECT":"safezone-cd4b5","EVENTARC_CLOUD_EVENT_SOURCE":"projects/safezone-cd4b5/locations/me-west1/services/onAlertDetected","FUNCTION_SIGNATURE_TYPE":"cloudevent","FUNCTION_TARGET":"onAlertDetected","LOG_EXECUTION_ID":"true"},"ingressSettings":"ALLOW_ALL","uri":"https://onalertdetected-2espohqsdq-zf.a.run.app","serviceAccountEmail":"78949340231-compute@developer.gserviceaccount.com","availableMemory":"256Mi","allTrafficOnLatestRevision":true,"revision":"onalertdetected-00004-hup","maxInstanceRequestConcurrency":80,"availableCpu":"1"},"eventTrigger":{"trigger":"projects/safezone-cd4b5/locations/eur3/triggers/onalertdetected-116582","triggerRegion":"eur3","eventType":"google.cloud.firestore.document.v1.written","eventFilters":[{"attribute":"database","value":"(default)"},{"attribute":"namespace","value":"(default)"},{"attribute":"document","value":"_meta/currentAlert"}],"pubsubTopic":"projects/safezone-cd4b5/topics/eventarc-eur3-onalertdetected-116582-539","serviceAccountEmail":"78949340231-compute@developer.gserviceaccount.com","retryPolicy":"RETRY_POLICY_DO_NOT_RETRY"},"state":"ACTIVE","labels":{"deployment-tool":"cli-firebase","firebase-functions-hash":"3161b62d6e043105a6edf2587bc85ee6e74b8c04"},"environment":"GEN_2","url":"https://me-west1-safezone-cd4b5.cloudfunctions.net/onAlertDetected","satisfiesPzs":true,"satisfiesPzi":true},"stages":[{"name":"BUILD","message":"Build finished","state":"COMPLETE","resource":"projects/78949340231/locations/me-west1/builds/c9367e7d-511e-4992-a37f-2853db369261","resourceUri":"https://console.cloud.google.com/cloud-build/builds;region=me-west1/c9367e7d-511e-4992-a37f-2853db369261?project=78949340231"},{"name":"SERVICE","message":"Updating Cloud Run service","state":"IN_PROGRESS","resource":"projects/safezone-cd4b5/locations/me-west1/services/onalertdetected","resourceUri":"https://console.cloud.google.com/run/detail/me-west1/onalertdetected?project=safezone-cd4b5","stateMessages":[{"severity":"INFO","type":"CloudRunServiceNewRevisionTrafficInfo","message":"A new revision will be deployed serving with 100% traffic."}]},{"name":"TRIGGER","state":"NOT_STARTED"}],"sourceToken":"ClNwcm9qZWN0cy83ODk0OTM0MDIzMS9sb2NhdGlvbnMvbWUtd2VzdDEvYnVpbGRzL2M5MzY3ZTdkLTUxMWUtNDk5Mi1hMzdmLTI4NTNkYjM2OTI2MRJsbWUtd2VzdDEtZG9ja2VyLnBrZy5kZXYvc2FmZXpvbmUtY2Q0YjUvZ2NmLWFydGlmYWN0cy9zYWZlem9uZS0tY2Q0YjVfX21lLS13ZXN0MV9fb25fYWxlcnRfZGV0ZWN0ZWQ6dmVyc2lvbl8xGMeo/Y2mAiJEcHJvamVjdHMvc2FmZXpvbmUtY2Q0YjUvbG9jYXRpb25zL21lLXdlc3QxL2Z1bmN0aW9ucy9vbkFsZXJ0RGV0ZWN0ZWQqDAiV5+TNBhDY4O6nATIIbm9kZWpzMjA6cwojZ2NyLmlvL2dhZS1ydW50aW1lcy9ub2RlanMyMDpzdGFibGUSTG1lLXdlc3QxLWRvY2tlci5wa2cuZGV2L3NlcnZlcmxlc3MtcnVudGltZXMvZ29vZ2xlLTIyLWZ1bGwvcnVudGltZXMvbm9kZWpzMjBAAQ==","operationType":"UPDATE_FUNCTION","buildName":"projects/78949340231/locations/me-west1/builds/c9367e7d-511e-4992-a37f-2853db369261"},"done":false}
[debug] [2026-03-17T10:57:28.605Z] Got source token ClNwcm9qZWN0cy83ODk0OTM0MDIzMS9sb2NhdGlvbnMvbWUtd2VzdDEvYnVpbGRzL2M5MzY3ZTdkLTUxMWUtNDk5Mi1hMzdmLTI4NTNkYjM2OTI2MRJsbWUtd2VzdDEtZG9ja2VyLnBrZy5kZXYvc2FmZXpvbmUtY2Q0YjUvZ2NmLWFydGlmYWN0cy9zYWZlem9uZS0tY2Q0YjVfX21lLS13ZXN0MV9fb25fYWxlcnRfZGV0ZWN0ZWQ6dmVyc2lvbl8xGMeo/Y2mAiJEcHJvamVjdHMvc2FmZXpvbmUtY2Q0YjUvbG9jYXRpb25zL21lLXdlc3QxL2Z1bmN0aW9ucy9vbkFsZXJ0RGV0ZWN0ZWQqDAiV5+TNBhDY4O6nATIIbm9kZWpzMjA6cwojZ2NyLmlvL2dhZS1ydW50aW1lcy9ub2RlanMyMDpzdGFibGUSTG1lLXdlc3QxLWRvY2tlci5wa2cuZGV2L3NlcnZlcmxlc3MtcnVudGltZXMvZ29vZ2xlLTIyLWZ1bGwvcnVudGltZXMvbm9kZWpzMjBAAQ== for region me-west1
[debug] [2026-03-17T10:57:28.605Z] Checked if tokens are valid: true, expires at: 1773748587252
[debug] [2026-03-17T10:57:28.605Z] Checked if tokens are valid: true, expires at: 1773748587252
[debug] [2026-03-17T10:57:28.606Z] Checked if tokens are valid: true, expires at: 1773748587252
[debug] [2026-03-17T10:57:28.606Z] Checked if tokens are valid: true, expires at: 1773748587252
[debug] [2026-03-17T10:57:28.606Z] Checked if tokens are valid: true, expires at: 1773748587252
[debug] [2026-03-17T10:57:28.606Z] Checked if tokens are valid: true, expires at: 1773748587252
[debug] [2026-03-17T10:57:28.607Z] >>> [apiv2][query] PATCH https://cloudfunctions.googleapis.com/v2/projects/safezone-cd4b5/locations/me-west1/functions/getAlertProxy updateMask=name%2CbuildConfig.runtime%2CbuildConfig.entryPoint%2CbuildConfig.source.storageSource.bucket%2CbuildConfig.source.storageSource.object%2CbuildConfig.environmentVariables%2CbuildConfig.sourceToken%2CserviceConfig.environmentVariables%2CserviceConfig.ingressSettings%2CserviceConfig.timeoutSeconds%2CserviceConfig.serviceAccountEmail%2CserviceConfig.availableMemory%2CserviceConfig.minInstanceCount%2CserviceConfig.maxInstanceCount%2CserviceConfig.maxInstanceRequestConcurrency%2CserviceConfig.availableCpu%2CserviceConfig.vpcConnector%2CserviceConfig.vpcConnectorEgressSettings%2CserviceConfig.directVpcNetworkInterface%2CserviceConfig.directVpcEgress%2Clabels
[debug] [2026-03-17T10:57:28.607Z] >>> [apiv2][body] PATCH https://cloudfunctions.googleapis.com/v2/projects/safezone-cd4b5/locations/me-west1/functions/getAlertProxy {"name":"projects/safezone-cd4b5/locations/me-west1/functions/getAlertProxy","buildConfig":{"runtime":"nodejs20","entryPoint":"getAlertProxy","source":{"storageSource":{"bucket":"gcf-v2-uploads-78949340231.me-west1.cloudfunctions.appspot.com","object":"579f64a0-ae4d-43c7-805c-6a86fb132e5d.zip"}},"environmentVariables":{"GOOGLE_NODE_RUN_SCRIPTS":""},"sourceToken":"ClNwcm9qZWN0cy83ODk0OTM0MDIzMS9sb2NhdGlvbnMvbWUtd2VzdDEvYnVpbGRzL2M5MzY3ZTdkLTUxMWUtNDk5Mi1hMzdmLTI4NTNkYjM2OTI2MRJsbWUtd2VzdDEtZG9ja2VyLnBrZy5kZXYvc2FmZXpvbmUtY2Q0YjUvZ2NmLWFydGlmYWN0cy9zYWZlem9uZS0tY2Q0YjVfX21lLS13ZXN0MV9fb25fYWxlcnRfZGV0ZWN0ZWQ6dmVyc2lvbl8xGMeo/Y2mAiJEcHJvamVjdHMvc2FmZXpvbmUtY2Q0YjUvbG9jYXRpb25zL21lLXdlc3QxL2Z1bmN0aW9ucy9vbkFsZXJ0RGV0ZWN0ZWQqDAiV5+TNBhDY4O6nATIIbm9kZWpzMjA6cwojZ2NyLmlvL2dhZS1ydW50aW1lcy9ub2RlanMyMDpzdGFibGUSTG1lLXdlc3QxLWRvY2tlci5wa2cuZGV2L3NlcnZlcmxlc3MtcnVudGltZXMvZ29vZ2xlLTIyLWZ1bGwvcnVudGltZXMvbm9kZWpzMjBAAQ=="},"serviceConfig":{"environmentVariables":{"FIREBASE_CONFIG":"{\"projectId\":\"safezone-cd4b5\",\"databaseURL\":\"https://safezone-cd4b5-default-rtdb.europe-west1.firebasedatabase.app\",\"storageBucket\":\"safezone-cd4b5.firebasestorage.app\"}","GCLOUD_PROJECT":"safezone-cd4b5","EVENTARC_CLOUD_EVENT_SOURCE":"projects/safezone-cd4b5/locations/me-west1/services/getAlertProxy","FUNCTION_TARGET":"getAlertProxy","LOG_EXECUTION_ID":"true","FUNCTION_SIGNATURE_TYPE":"http"},"ingressSettings":null,"timeoutSeconds":null,"serviceAccountEmail":null,"availableMemory":"256Mi","minInstanceCount":null,"maxInstanceCount":null,"maxInstanceRequestConcurrency":80,"availableCpu":"1","vpcConnector":null,"vpcConnectorEgressSettings":null,"directVpcNetworkInterface":null,"directVpcEgress":null},"labels":{"deployment-tool":"cli-firebase","firebase-functions-hash":"3161b62d6e043105a6edf2587bc85ee6e74b8c04"}}
[debug] [2026-03-17T10:57:28.608Z] >>> [apiv2][query] PATCH https://cloudfunctions.googleapis.com/v2/projects/safezone-cd4b5/locations/me-west1/functions/testOrefAccess updateMask=name%2CbuildConfig.runtime%2CbuildConfig.entryPoint%2CbuildConfig.source.storageSource.bucket%2CbuildConfig.source.storageSource.object%2CbuildConfig.environmentVariables%2CbuildConfig.sourceToken%2CserviceConfig.environmentVariables%2CserviceConfig.ingressSettings%2CserviceConfig.timeoutSeconds%2CserviceConfig.serviceAccountEmail%2CserviceConfig.availableMemory%2CserviceConfig.minInstanceCount%2CserviceConfig.maxInstanceCount%2CserviceConfig.maxInstanceRequestConcurrency%2CserviceConfig.availableCpu%2CserviceConfig.vpcConnector%2CserviceConfig.vpcConnectorEgressSettings%2CserviceConfig.directVpcNetworkInterface%2CserviceConfig.directVpcEgress%2Clabels
[debug] [2026-03-17T10:57:28.608Z] >>> [apiv2][body] PATCH https://cloudfunctions.googleapis.com/v2/projects/safezone-cd4b5/locations/me-west1/functions/testOrefAccess {"name":"projects/safezone-cd4b5/locations/me-west1/functions/testOrefAccess","buildConfig":{"runtime":"nodejs20","entryPoint":"testOrefAccess","source":{"storageSource":{"bucket":"gcf-v2-uploads-78949340231.me-west1.cloudfunctions.appspot.com","object":"579f64a0-ae4d-43c7-805c-6a86fb132e5d.zip"}},"environmentVariables":{"GOOGLE_NODE_RUN_SCRIPTS":""},"sourceToken":"ClNwcm9qZWN0cy83ODk0OTM0MDIzMS9sb2NhdGlvbnMvbWUtd2VzdDEvYnVpbGRzL2M5MzY3ZTdkLTUxMWUtNDk5Mi1hMzdmLTI4NTNkYjM2OTI2MRJsbWUtd2VzdDEtZG9ja2VyLnBrZy5kZXYvc2FmZXpvbmUtY2Q0YjUvZ2NmLWFydGlmYWN0cy9zYWZlem9uZS0tY2Q0YjVfX21lLS13ZXN0MV9fb25fYWxlcnRfZGV0ZWN0ZWQ6dmVyc2lvbl8xGMeo/Y2mAiJEcHJvamVjdHMvc2FmZXpvbmUtY2Q0YjUvbG9jYXRpb25zL21lLXdlc3QxL2Z1bmN0aW9ucy9vbkFsZXJ0RGV0ZWN0ZWQqDAiV5+TNBhDY4O6nATIIbm9kZWpzMjA6cwojZ2NyLmlvL2dhZS1ydW50aW1lcy9ub2RlanMyMDpzdGFibGUSTG1lLXdlc3QxLWRvY2tlci5wa2cuZGV2L3NlcnZlcmxlc3MtcnVudGltZXMvZ29vZ2xlLTIyLWZ1bGwvcnVudGltZXMvbm9kZWpzMjBAAQ=="},"serviceConfig":{"environmentVariables":{"FIREBASE_CONFIG":"{\"projectId\":\"safezone-cd4b5\",\"databaseURL\":\"https://safezone-cd4b5-default-rtdb.europe-west1.firebasedatabase.app\",\"storageBucket\":\"safezone-cd4b5.firebasestorage.app\"}","GCLOUD_PROJECT":"safezone-cd4b5","EVENTARC_CLOUD_EVENT_SOURCE":"projects/safezone-cd4b5/locations/me-west1/services/testOrefAccess","FUNCTION_TARGET":"testOrefAccess","LOG_EXECUTION_ID":"true","FUNCTION_SIGNATURE_TYPE":"http"},"ingressSettings":null,"timeoutSeconds":null,"serviceAccountEmail":null,"availableMemory":"256Mi","minInstanceCount":null,"maxInstanceCount":null,"maxInstanceRequestConcurrency":80,"availableCpu":"1","vpcConnector":null,"vpcConnectorEgressSettings":null,"directVpcNetworkInterface":null,"directVpcEgress":null},"labels":{"deployment-tool":"cli-firebase","firebase-functions-hash":"3161b62d6e043105a6edf2587bc85ee6e74b8c04"}}
[debug] [2026-03-17T10:57:28.609Z] >>> [apiv2][query] PATCH https://cloudfunctions.googleapis.com/v2/projects/safezone-cd4b5/locations/me-west1/functions/sendManualAlert updateMask=name%2CbuildConfig.runtime%2CbuildConfig.entryPoint%2CbuildConfig.source.storageSource.bucket%2CbuildConfig.source.storageSource.object%2CbuildConfig.environmentVariables%2CbuildConfig.sourceToken%2CserviceConfig.environmentVariables%2CserviceConfig.ingressSettings%2CserviceConfig.timeoutSeconds%2CserviceConfig.serviceAccountEmail%2CserviceConfig.availableMemory%2CserviceConfig.minInstanceCount%2CserviceConfig.maxInstanceCount%2CserviceConfig.maxInstanceRequestConcurrency%2CserviceConfig.availableCpu%2CserviceConfig.vpcConnector%2CserviceConfig.vpcConnectorEgressSettings%2CserviceConfig.directVpcNetworkInterface%2CserviceConfig.directVpcEgress%2Clabels
[debug] [2026-03-17T10:57:28.609Z] >>> [apiv2][body] PATCH https://cloudfunctions.googleapis.com/v2/projects/safezone-cd4b5/locations/me-west1/functions/sendManualAlert {"name":"projects/safezone-cd4b5/locations/me-west1/functions/sendManualAlert","buildConfig":{"runtime":"nodejs20","entryPoint":"sendManualAlert","source":{"storageSource":{"bucket":"gcf-v2-uploads-78949340231.me-west1.cloudfunctions.appspot.com","object":"579f64a0-ae4d-43c7-805c-6a86fb132e5d.zip"}},"environmentVariables":{"GOOGLE_NODE_RUN_SCRIPTS":""},"sourceToken":"ClNwcm9qZWN0cy83ODk0OTM0MDIzMS9sb2NhdGlvbnMvbWUtd2VzdDEvYnVpbGRzL2M5MzY3ZTdkLTUxMWUtNDk5Mi1hMzdmLTI4NTNkYjM2OTI2MRJsbWUtd2VzdDEtZG9ja2VyLnBrZy5kZXYvc2FmZXpvbmUtY2Q0YjUvZ2NmLWFydGlmYWN0cy9zYWZlem9uZS0tY2Q0YjVfX21lLS13ZXN0MV9fb25fYWxlcnRfZGV0ZWN0ZWQ6dmVyc2lvbl8xGMeo/Y2mAiJEcHJvamVjdHMvc2FmZXpvbmUtY2Q0YjUvbG9jYXRpb25zL21lLXdlc3QxL2Z1bmN0aW9ucy9vbkFsZXJ0RGV0ZWN0ZWQqDAiV5+TNBhDY4O6nATIIbm9kZWpzMjA6cwojZ2NyLmlvL2dhZS1ydW50aW1lcy9ub2RlanMyMDpzdGFibGUSTG1lLXdlc3QxLWRvY2tlci5wa2cuZGV2L3NlcnZlcmxlc3MtcnVudGltZXMvZ29vZ2xlLTIyLWZ1bGwvcnVudGltZXMvbm9kZWpzMjBAAQ=="},"serviceConfig":{"environmentVariables":{"FIREBASE_CONFIG":"{\"projectId\":\"safezone-cd4b5\",\"databaseURL\":\"https://safezone-cd4b5-default-rtdb.europe-west1.firebasedatabase.app\",\"storageBucket\":\"safezone-cd4b5.firebasestorage.app\"}","GCLOUD_PROJECT":"safezone-cd4b5","EVENTARC_CLOUD_EVENT_SOURCE":"projects/safezone-cd4b5/locations/me-west1/services/sendManualAlert","FUNCTION_TARGET":"sendManualAlert","LOG_EXECUTION_ID":"true","FUNCTION_SIGNATURE_TYPE":"http"},"ingressSettings":null,"timeoutSeconds":null,"serviceAccountEmail":null,"availableMemory":"256Mi","minInstanceCount":null,"maxInstanceCount":null,"maxInstanceRequestConcurrency":80,"availableCpu":"1","vpcConnector":null,"vpcConnectorEgressSettings":null,"directVpcNetworkInterface":null,"directVpcEgress":null},"labels":{"deployment-tool":"cli-firebase","firebase-functions-hash":"3161b62d6e043105a6edf2587bc85ee6e74b8c04"}}
[debug] [2026-03-17T10:57:30.001Z] <<< [apiv2][status] PATCH https://cloudfunctions.googleapis.com/v2/projects/safezone-cd4b5/locations/me-west1/functions/getAlertProxy 200
[debug] [2026-03-17T10:57:30.001Z] <<< [apiv2][body] PATCH https://cloudfunctions.googleapis.com/v2/projects/safezone-cd4b5/locations/me-west1/functions/getAlertProxy {"name":"projects/safezone-cd4b5/locations/me-west1/operations/operation-1773745048963-64d363390c9d4-197da110-94afb185","metadata":{"@type":"type.googleapis.com/google.cloud.functions.v2.OperationMetadata","createTime":"2026-03-17T10:57:29.883942822Z","target":"projects/safezone-cd4b5/locations/me-west1/functions/getAlertProxy","verb":"update","cancelRequested":false,"apiVersion":"v2"},"done":false}
[debug] [2026-03-17T10:57:30.001Z] Checked if tokens are valid: true, expires at: 1773748587252
[debug] [2026-03-17T10:57:30.001Z] Checked if tokens are valid: true, expires at: 1773748587252
[debug] [2026-03-17T10:57:30.001Z] >>> [apiv2][query] GET https://cloudfunctions.googleapis.com/v2/projects/safezone-cd4b5/locations/me-west1/operations/operation-1773745048963-64d363390c9d4-197da110-94afb185 [none]
[debug] [2026-03-17T10:57:30.027Z] <<< [apiv2][status] PATCH https://cloudfunctions.googleapis.com/v2/projects/safezone-cd4b5/locations/me-west1/functions/sendManualAlert 200
[debug] [2026-03-17T10:57:30.028Z] <<< [apiv2][body] PATCH https://cloudfunctions.googleapis.com/v2/projects/safezone-cd4b5/locations/me-west1/functions/sendManualAlert {"name":"projects/safezone-cd4b5/locations/me-west1/operations/operation-1773745049149-64d3633939fbc-d7246abe-20b04563","metadata":{"@type":"type.googleapis.com/google.cloud.functions.v2.OperationMetadata","createTime":"2026-03-17T10:57:29.908877868Z","target":"projects/safezone-cd4b5/locations/me-west1/functions/sendManualAlert","verb":"update","cancelRequested":false,"apiVersion":"v2"},"done":false}
[debug] [2026-03-17T10:57:30.028Z] Checked if tokens are valid: true, expires at: 1773748587252
[debug] [2026-03-17T10:57:30.028Z] Checked if tokens are valid: true, expires at: 1773748587252
[debug] [2026-03-17T10:57:30.028Z] >>> [apiv2][query] GET https://cloudfunctions.googleapis.com/v2/projects/safezone-cd4b5/locations/me-west1/operations/operation-1773745049149-64d3633939fbc-d7246abe-20b04563 [none]
[debug] [2026-03-17T10:57:30.118Z] [update-default-us-central1-checkSafeZoneAlerts] Retrying task index 0
[debug] [2026-03-17T10:57:30.119Z] Checked if tokens are valid: true, expires at: 1773748587252
[debug] [2026-03-17T10:57:30.119Z] Checked if tokens are valid: true, expires at: 1773748587252
[debug] [2026-03-17T10:57:30.119Z] >>> [apiv2][query] GET https://cloudfunctions.googleapis.com/v2/projects/safezone-cd4b5/locations/us-central1/operations/operation-1773745007768-64d36311c31c9-71cee6d2-db4e0676 [none]
[debug] [2026-03-17T10:57:30.205Z] <<< [apiv2][status] PATCH https://cloudfunctions.googleapis.com/v2/projects/safezone-cd4b5/locations/me-west1/functions/testOrefAccess 200
[debug] [2026-03-17T10:57:30.205Z] <<< [apiv2][body] PATCH https://cloudfunctions.googleapis.com/v2/projects/safezone-cd4b5/locations/me-west1/functions/testOrefAccess {"name":"projects/safezone-cd4b5/locations/me-west1/operations/operation-1773745049150-64d363393a275-9daab7e2-f932a7b6","metadata":{"@type":"type.googleapis.com/google.cloud.functions.v2.OperationMetadata","createTime":"2026-03-17T10:57:30.088242641Z","target":"projects/safezone-cd4b5/locations/me-west1/functions/testOrefAccess","verb":"update","cancelRequested":false,"apiVersion":"v2"},"done":false}
[debug] [2026-03-17T10:57:30.205Z] Checked if tokens are valid: true, expires at: 1773748587252
[debug] [2026-03-17T10:57:30.205Z] Checked if tokens are valid: true, expires at: 1773748587252
[debug] [2026-03-17T10:57:30.205Z] >>> [apiv2][query] GET https://cloudfunctions.googleapis.com/v2/projects/safezone-cd4b5/locations/me-west1/operations/operation-1773745049150-64d363393a275-9daab7e2-f932a7b6 [none]
[debug] [2026-03-17T10:57:30.422Z] <<< [apiv2][status] GET https://cloudfunctions.googleapis.com/v2/projects/safezone-cd4b5/locations/us-central1/operations/operation-1773745007768-64d36311c31c9-71cee6d2-db4e0676 200
[debug] [2026-03-17T10:57:30.422Z] <<< [apiv2][body] GET https://cloudfunctions.googleapis.com/v2/projects/safezone-cd4b5/locations/us-central1/operations/operation-1773745007768-64d36311c31c9-71cee6d2-db4e0676 {"name":"projects/safezone-cd4b5/locations/us-central1/operations/operation-1773745007768-64d36311c31c9-71cee6d2-db4e0676","metadata":{"@type":"type.googleapis.com/google.cloud.functions.v2.OperationMetadata","createTime":"2026-03-17T10:56:50.745183749Z","target":"projects/safezone-cd4b5/locations/us-central1/functions/checkSafeZoneAlerts","verb":"update","cancelRequested":false,"apiVersion":"v2","requestResource":{"@type":"type.googleapis.com/google.cloud.functions.v2.Function","name":"projects/safezone-cd4b5/locations/us-central1/functions/checkSafeZoneAlerts","buildConfig":{"runtime":"nodejs20","entryPoint":"checkSafeZoneAlerts","source":{"storageSource":{"bucket":"gcf-v2-sources-78949340231-us-central1","object":"checkSafeZoneAlerts/function-source.zip","generation":"1773745010677148"}},"environmentVariables":{"GOOGLE_NODE_RUN_SCRIPTS":""},"dockerRepository":"projects/safezone-cd4b5/locations/us-central1/repositories/gcf-artifacts","sourceProvenance":{"resolvedStorageSource":{"bucket":"gcf-v2-sources-78949340231-us-central1","object":"checkSafeZoneAlerts/function-source.zip","generation":"1773736491111895"}},"dockerRegistry":"ARTIFACT_REGISTRY","serviceAccount":"projects/safezone-cd4b5/serviceAccounts/78949340231-compute@developer.gserviceaccount.com","automaticUpdatePolicy":{}},"serviceConfig":{"service":"projects/safezone-cd4b5/locations/us-central1/services/checksafezonealerts","timeoutSeconds":60,"environmentVariables":{"FIREBASE_CONFIG":"{\"projectId\":\"safezone-cd4b5\",\"databaseURL\":\"https://safezone-cd4b5-default-rtdb.europe-west1.firebasedatabase.app\",\"storageBucket\":\"safezone-cd4b5.firebasestorage.app\"}","GCLOUD_PROJECT":"safezone-cd4b5","EVENTARC_CLOUD_EVENT_SOURCE":"projects/safezone-cd4b5/locations/us-central1/services/checkSafeZoneAlerts","FUNCTION_TARGET":"checkSafeZoneAlerts","LOG_EXECUTION_ID":"true"},"ingressSettings":"ALLOW_ALL","uri":"https://checksafezonealerts-2espohqsdq-uc.a.run.app","serviceAccountEmail":"78949340231-compute@developer.gserviceaccount.com","availableMemory":"256Mi","allTrafficOnLatestRevision":true,"revision":"checksafezonealerts-00002-vaw","maxInstanceRequestConcurrency":80,"availableCpu":"1"},"state":"ACTIVE","labels":{"deployment-tool":"cli-firebase","deployment-scheduled":"true","firebase-functions-hash":"3161b62d6e043105a6edf2587bc85ee6e74b8c04"},"environment":"GEN_2","url":"https://us-central1-safezone-cd4b5.cloudfunctions.net/checkSafeZoneAlerts","satisfiesPzi":true},"stages":[{"name":"BUILD","message":"Build finished","state":"COMPLETE","resource":"projects/78949340231/locations/us-central1/builds/e527b894-0eec-4220-9c8c-c7c50a63839e","resourceUri":"https://console.cloud.google.com/cloud-build/builds;region=us-central1/e527b894-0eec-4220-9c8c-c7c50a63839e?project=78949340231"},{"name":"SERVICE","message":"Updating Cloud Run service","state":"IN_PROGRESS","resource":"projects/safezone-cd4b5/locations/us-central1/services/checksafezonealerts","resourceUri":"https://console.cloud.google.com/run/detail/us-central1/checksafezonealerts?project=safezone-cd4b5","stateMessages":[{"severity":"INFO","type":"CloudRunServiceNewRevisionTrafficInfo","message":"A new revision will be deployed serving with 100% traffic."}]}],"sourceToken":"ClZwcm9qZWN0cy83ODk0OTM0MDIzMS9sb2NhdGlvbnMvdXMtY2VudHJhbDEvYnVpbGRzL2U1MjdiODk0LTBlZWMtNDIyMC05YzhjLWM3YzUwYTYzODM5ZRJ3dXMtY2VudHJhbDEtZG9ja2VyLnBrZy5kZXYvc2FmZXpvbmUtY2Q0YjUvZ2NmLWFydGlmYWN0cy9zYWZlem9uZS0tY2Q0YjVfX3VzLS1jZW50cmFsMV9fY2hlY2tfc2FmZV96b25lX2FsZXJ0czp2ZXJzaW9uXzEYx6j9jaYCIktwcm9qZWN0cy9zYWZlem9uZS1jZDRiNS9sb2NhdGlvbnMvdXMtY2VudHJhbDEvZnVuY3Rpb25zL2NoZWNrU2FmZVpvbmVBbGVydHMqDAiZ5+TNBhCQs/SDATIIbm9kZWpzMjA6dgojZ2NyLmlvL2dhZS1ydW50aW1lcy9ub2RlanMyMDpzdGFibGUST3VzLWNlbnRyYWwxLWRvY2tlci5wa2cuZGV2L3NlcnZlcmxlc3MtcnVudGltZXMvZ29vZ2xlLTIyLWZ1bGwvcnVudGltZXMvbm9kZWpzMjBAAQ==","operationType":"UPDATE_FUNCTION","buildName":"projects/78949340231/locations/us-central1/builds/e527b894-0eec-4220-9c8c-c7c50a63839e"},"done":false}
[debug] [2026-03-17T10:57:30.422Z] Got source token ClZwcm9qZWN0cy83ODk0OTM0MDIzMS9sb2NhdGlvbnMvdXMtY2VudHJhbDEvYnVpbGRzL2U1MjdiODk0LTBlZWMtNDIyMC05YzhjLWM3YzUwYTYzODM5ZRJ3dXMtY2VudHJhbDEtZG9ja2VyLnBrZy5kZXYvc2FmZXpvbmUtY2Q0YjUvZ2NmLWFydGlmYWN0cy9zYWZlem9uZS0tY2Q0YjVfX3VzLS1jZW50cmFsMV9fY2hlY2tfc2FmZV96b25lX2FsZXJ0czp2ZXJzaW9uXzEYx6j9jaYCIktwcm9qZWN0cy9zYWZlem9uZS1jZDRiNS9sb2NhdGlvbnMvdXMtY2VudHJhbDEvZnVuY3Rpb25zL2NoZWNrU2FmZVpvbmVBbGVydHMqDAiZ5+TNBhCQs/SDATIIbm9kZWpzMjA6dgojZ2NyLmlvL2dhZS1ydW50aW1lcy9ub2RlanMyMDpzdGFibGUST3VzLWNlbnRyYWwxLWRvY2tlci5wa2cuZGV2L3NlcnZlcmxlc3MtcnVudGltZXMvZ29vZ2xlLTIyLWZ1bGwvcnVudGltZXMvbm9kZWpzMjBAAQ== for region us-central1
[debug] [2026-03-17T10:57:30.424Z] <<< [apiv2][status] GET https://cloudfunctions.googleapis.com/v2/projects/safezone-cd4b5/locations/me-west1/operations/operation-1773745049149-64d3633939fbc-d7246abe-20b04563 200
[debug] [2026-03-17T10:57:30.424Z] <<< [apiv2][body] GET https://cloudfunctions.googleapis.com/v2/projects/safezone-cd4b5/locations/me-west1/operations/operation-1773745049149-64d3633939fbc-d7246abe-20b04563 {"name":"projects/safezone-cd4b5/locations/me-west1/operations/operation-1773745049149-64d3633939fbc-d7246abe-20b04563","metadata":{"@type":"type.googleapis.com/google.cloud.functions.v2.OperationMetadata","createTime":"2026-03-17T10:57:29.908877868Z","target":"projects/safezone-cd4b5/locations/me-west1/functions/sendManualAlert","verb":"update","cancelRequested":false,"apiVersion":"v2","requestResource":{"@type":"type.googleapis.com/google.cloud.functions.v2.Function","name":"projects/safezone-cd4b5/locations/me-west1/functions/sendManualAlert","buildConfig":{"runtime":"nodejs20","entryPoint":"sendManualAlert","source":{"storageSource":{"bucket":"gcf-v2-sources-78949340231-me-west1","object":"sendManualAlert/function-source.zip","generation":"1773745049874157"}},"environmentVariables":{"GOOGLE_NODE_RUN_SCRIPTS":""},"dockerRepository":"projects/safezone-cd4b5/locations/me-west1/repositories/gcf-artifacts","sourceProvenance":{"resolvedStorageSource":{"bucket":"gcf-v2-sources-78949340231-me-west1","object":"sendManualAlert/function-source.zip","generation":"1773736530215611"}},"dockerRegistry":"ARTIFACT_REGISTRY","sourceToken":"ClNwcm9qZWN0cy83ODk0OTM0MDIzMS9sb2NhdGlvbnMvbWUtd2VzdDEvYnVpbGRzL2M5MzY3ZTdkLTUxMWUtNDk5Mi1hMzdmLTI4NTNkYjM2OTI2MRJsbWUtd2VzdDEtZG9ja2VyLnBrZy5kZXYvc2FmZXpvbmUtY2Q0YjUvZ2NmLWFydGlmYWN0cy9zYWZlem9uZS0tY2Q0YjVfX21lLS13ZXN0MV9fb25fYWxlcnRfZGV0ZWN0ZWQ6dmVyc2lvbl8xGMeo/Y2mAiJEcHJvamVjdHMvc2FmZXpvbmUtY2Q0YjUvbG9jYXRpb25zL21lLXdlc3QxL2Z1bmN0aW9ucy9vbkFsZXJ0RGV0ZWN0ZWQqDAiV5+TNBhDY4O6nATIIbm9kZWpzMjA6cwojZ2NyLmlvL2dhZS1ydW50aW1lcy9ub2RlanMyMDpzdGFibGUSTG1lLXdlc3QxLWRvY2tlci5wa2cuZGV2L3NlcnZlcmxlc3MtcnVudGltZXMvZ29vZ2xlLTIyLWZ1bGwvcnVudGltZXMvbm9kZWpzMjBAAQ==","serviceAccount":"projects/safezone-cd4b5/serviceAccounts/78949340231-compute@developer.gserviceaccount.com","automaticUpdatePolicy":{}},"serviceConfig":{"service":"projects/safezone-cd4b5/locations/me-west1/services/sendmanualalert","timeoutSeconds":60,"environmentVariables":{"FIREBASE_CONFIG":"{\"projectId\":\"safezone-cd4b5\",\"databaseURL\":\"https://safezone-cd4b5-default-rtdb.europe-west1.firebasedatabase.app\",\"storageBucket\":\"safezone-cd4b5.firebasestorage.app\"}","GCLOUD_PROJECT":"safezone-cd4b5","EVENTARC_CLOUD_EVENT_SOURCE":"projects/safezone-cd4b5/locations/me-west1/services/sendManualAlert","FUNCTION_TARGET":"sendManualAlert","LOG_EXECUTION_ID":"true","FUNCTION_SIGNATURE_TYPE":"http"},"ingressSettings":"ALLOW_ALL","uri":"https://sendmanualalert-2espohqsdq-zf.a.run.app","serviceAccountEmail":"78949340231-compute@developer.gserviceaccount.com","availableMemory":"256Mi","allTrafficOnLatestRevision":true,"revision":"sendmanualalert-00004-yip","maxInstanceRequestConcurrency":80,"availableCpu":"1"},"state":"ACTIVE","labels":{"deployment-tool":"cloudfunctions","firebase-functions-hash":"3161b62d6e043105a6edf2587bc85ee6e74b8c04"},"environment":"GEN_2","url":"https://me-west1-safezone-cd4b5.cloudfunctions.net/sendManualAlert","satisfiesPzs":true,"satisfiesPzi":true},"stages":[{"name":"BUILD","message":"Reusing build","state":"COMPLETE","resource":"projects/78949340231/locations/me-west1/builds/c9367e7d-511e-4992-a37f-2853db369261","stateMessages":[{"severity":"WARNING","type":"BuildAnalysisWarning","message":"Node.js 20 is no longer supported by the Node.js community as of 30 April, 2026. Node.js 20 will be deprecated on 2026-04-30. We recommend you to upgrade to the latest version of Node.js as soon as possible."}]},{"name":"SERVICE","state":"NOT_STARTED"}],"sourceToken":"ClNwcm9qZWN0cy83ODk0OTM0MDIzMS9sb2NhdGlvbnMvbWUtd2VzdDEvYnVpbGRzL2M5MzY3ZTdkLTUxMWUtNDk5Mi1hMzdmLTI4NTNkYjM2OTI2MRJsbWUtd2VzdDEtZG9ja2VyLnBrZy5kZXYvc2FmZXpvbmUtY2Q0YjUvZ2NmLWFydGlmYWN0cy9zYWZlem9uZS0tY2Q0YjVfX21lLS13ZXN0MV9fb25fYWxlcnRfZGV0ZWN0ZWQ6dmVyc2lvbl8xGMeo/Y2mAiJEcHJvamVjdHMvc2FmZXpvbmUtY2Q0YjUvbG9jYXRpb25zL21lLXdlc3QxL2Z1bmN0aW9ucy9vbkFsZXJ0RGV0ZWN0ZWQqDAiV5+TNBhDY4O6nATIIbm9kZWpzMjA6cwojZ2NyLmlvL2dhZS1ydW50aW1lcy9ub2RlanMyMDpzdGFibGUSTG1lLXdlc3QxLWRvY2tlci5wa2cuZGV2L3NlcnZlcmxlc3MtcnVudGltZXMvZ29vZ2xlLTIyLWZ1bGwvcnVudGltZXMvbm9kZWpzMjBAAQ==","operationType":"UPDATE_FUNCTION","buildName":"projects/78949340231/locations/me-west1/builds/c9367e7d-511e-4992-a37f-2853db369261"},"done":false}
[debug] [2026-03-17T10:57:30.424Z] Got source token ClNwcm9qZWN0cy83ODk0OTM0MDIzMS9sb2NhdGlvbnMvbWUtd2VzdDEvYnVpbGRzL2M5MzY3ZTdkLTUxMWUtNDk5Mi1hMzdmLTI4NTNkYjM2OTI2MRJsbWUtd2VzdDEtZG9ja2VyLnBrZy5kZXYvc2FmZXpvbmUtY2Q0YjUvZ2NmLWFydGlmYWN0cy9zYWZlem9uZS0tY2Q0YjVfX21lLS13ZXN0MV9fb25fYWxlcnRfZGV0ZWN0ZWQ6dmVyc2lvbl8xGMeo/Y2mAiJEcHJvamVjdHMvc2FmZXpvbmUtY2Q0YjUvbG9jYXRpb25zL21lLXdlc3QxL2Z1bmN0aW9ucy9vbkFsZXJ0RGV0ZWN0ZWQqDAiV5+TNBhDY4O6nATIIbm9kZWpzMjA6cwojZ2NyLmlvL2dhZS1ydW50aW1lcy9ub2RlanMyMDpzdGFibGUSTG1lLXdlc3QxLWRvY2tlci5wa2cuZGV2L3NlcnZlcmxlc3MtcnVudGltZXMvZ29vZ2xlLTIyLWZ1bGwvcnVudGltZXMvbm9kZWpzMjBAAQ== for region me-west1
[debug] [2026-03-17T10:57:30.464Z] <<< [apiv2][status] GET https://cloudfunctions.googleapis.com/v2/projects/safezone-cd4b5/locations/me-west1/operations/operation-1773745048963-64d363390c9d4-197da110-94afb185 200
[debug] [2026-03-17T10:57:30.464Z] <<< [apiv2][body] GET https://cloudfunctions.googleapis.com/v2/projects/safezone-cd4b5/locations/me-west1/operations/operation-1773745048963-64d363390c9d4-197da110-94afb185 {"name":"projects/safezone-cd4b5/locations/me-west1/operations/operation-1773745048963-64d363390c9d4-197da110-94afb185","metadata":{"@type":"type.googleapis.com/google.cloud.functions.v2.OperationMetadata","createTime":"2026-03-17T10:57:29.883942822Z","target":"projects/safezone-cd4b5/locations/me-west1/functions/getAlertProxy","verb":"update","cancelRequested":false,"apiVersion":"v2","requestResource":{"@type":"type.googleapis.com/google.cloud.functions.v2.Function","name":"projects/safezone-cd4b5/locations/me-west1/functions/getAlertProxy","buildConfig":{"runtime":"nodejs20","entryPoint":"getAlertProxy","source":{"storageSource":{"bucket":"gcf-v2-sources-78949340231-me-west1","object":"getAlertProxy/function-source.zip","generation":"1773745049836862"}},"environmentVariables":{"GOOGLE_NODE_RUN_SCRIPTS":""},"dockerRepository":"projects/safezone-cd4b5/locations/me-west1/repositories/gcf-artifacts","sourceProvenance":{"resolvedStorageSource":{"bucket":"gcf-v2-sources-78949340231-me-west1","object":"getAlertProxy/function-source.zip","generation":"1773736530092335"}},"dockerRegistry":"ARTIFACT_REGISTRY","sourceToken":"ClNwcm9qZWN0cy83ODk0OTM0MDIzMS9sb2NhdGlvbnMvbWUtd2VzdDEvYnVpbGRzL2M5MzY3ZTdkLTUxMWUtNDk5Mi1hMzdmLTI4NTNkYjM2OTI2MRJsbWUtd2VzdDEtZG9ja2VyLnBrZy5kZXYvc2FmZXpvbmUtY2Q0YjUvZ2NmLWFydGlmYWN0cy9zYWZlem9uZS0tY2Q0YjVfX21lLS13ZXN0MV9fb25fYWxlcnRfZGV0ZWN0ZWQ6dmVyc2lvbl8xGMeo/Y2mAiJEcHJvamVjdHMvc2FmZXpvbmUtY2Q0YjUvbG9jYXRpb25zL21lLXdlc3QxL2Z1bmN0aW9ucy9vbkFsZXJ0RGV0ZWN0ZWQqDAiV5+TNBhDY4O6nATIIbm9kZWpzMjA6cwojZ2NyLmlvL2dhZS1ydW50aW1lcy9ub2RlanMyMDpzdGFibGUSTG1lLXdlc3QxLWRvY2tlci5wa2cuZGV2L3NlcnZlcmxlc3MtcnVudGltZXMvZ29vZ2xlLTIyLWZ1bGwvcnVudGltZXMvbm9kZWpzMjBAAQ==","serviceAccount":"projects/safezone-cd4b5/serviceAccounts/78949340231-compute@developer.gserviceaccount.com","automaticUpdatePolicy":{}},"serviceConfig":{"service":"projects/safezone-cd4b5/locations/me-west1/services/getalertproxy","timeoutSeconds":60,"environmentVariables":{"FIREBASE_CONFIG":"{\"projectId\":\"safezone-cd4b5\",\"databaseURL\":\"https://safezone-cd4b5-default-rtdb.europe-west1.firebasedatabase.app\",\"storageBucket\":\"safezone-cd4b5.firebasestorage.app\"}","GCLOUD_PROJECT":"safezone-cd4b5","EVENTARC_CLOUD_EVENT_SOURCE":"projects/safezone-cd4b5/locations/me-west1/services/getAlertProxy","FUNCTION_TARGET":"getAlertProxy","LOG_EXECUTION_ID":"true","FUNCTION_SIGNATURE_TYPE":"http"},"ingressSettings":"ALLOW_ALL","uri":"https://getalertproxy-2espohqsdq-zf.a.run.app","serviceAccountEmail":"78949340231-compute@developer.gserviceaccount.com","availableMemory":"256Mi","allTrafficOnLatestRevision":true,"revision":"getalertproxy-00004-wol","maxInstanceRequestConcurrency":80,"availableCpu":"1"},"state":"ACTIVE","labels":{"deployment-tool":"cli-firebase","firebase-functions-hash":"3161b62d6e043105a6edf2587bc85ee6e74b8c04"},"environment":"GEN_2","url":"https://me-west1-safezone-cd4b5.cloudfunctions.net/getAlertProxy","satisfiesPzs":true,"satisfiesPzi":true},"stages":[{"name":"BUILD","message":"Reusing build","state":"COMPLETE","resource":"projects/78949340231/locations/me-west1/builds/c9367e7d-511e-4992-a37f-2853db369261","stateMessages":[{"severity":"WARNING","type":"BuildAnalysisWarning","message":"Node.js 20 is no longer supported by the Node.js community as of 30 April, 2026. Node.js 20 will be deprecated on 2026-04-30. We recommend you to upgrade to the latest version of Node.js as soon as possible."}]},{"name":"SERVICE","state":"NOT_STARTED"}],"sourceToken":"ClNwcm9qZWN0cy83ODk0OTM0MDIzMS9sb2NhdGlvbnMvbWUtd2VzdDEvYnVpbGRzL2M5MzY3ZTdkLTUxMWUtNDk5Mi1hMzdmLTI4NTNkYjM2OTI2MRJsbWUtd2VzdDEtZG9ja2VyLnBrZy5kZXYvc2FmZXpvbmUtY2Q0YjUvZ2NmLWFydGlmYWN0cy9zYWZlem9uZS0tY2Q0YjVfX21lLS13ZXN0MV9fb25fYWxlcnRfZGV0ZWN0ZWQ6dmVyc2lvbl8xGMeo/Y2mAiJEcHJvamVjdHMvc2FmZXpvbmUtY2Q0YjUvbG9jYXRpb25zL21lLXdlc3QxL2Z1bmN0aW9ucy9vbkFsZXJ0RGV0ZWN0ZWQqDAiV5+TNBhDY4O6nATIIbm9kZWpzMjA6cwojZ2NyLmlvL2dhZS1ydW50aW1lcy9ub2RlanMyMDpzdGFibGUSTG1lLXdlc3QxLWRvY2tlci5wa2cuZGV2L3NlcnZlcmxlc3MtcnVudGltZXMvZ29vZ2xlLTIyLWZ1bGwvcnVudGltZXMvbm9kZWpzMjBAAQ==","operationType":"UPDATE_FUNCTION","buildName":"projects/78949340231/locations/me-west1/builds/c9367e7d-511e-4992-a37f-2853db369261"},"done":false}
[debug] [2026-03-17T10:57:30.464Z] Got source token ClNwcm9qZWN0cy83ODk0OTM0MDIzMS9sb2NhdGlvbnMvbWUtd2VzdDEvYnVpbGRzL2M5MzY3ZTdkLTUxMWUtNDk5Mi1hMzdmLTI4NTNkYjM2OTI2MRJsbWUtd2VzdDEtZG9ja2VyLnBrZy5kZXYvc2FmZXpvbmUtY2Q0YjUvZ2NmLWFydGlmYWN0cy9zYWZlem9uZS0tY2Q0YjVfX21lLS13ZXN0MV9fb25fYWxlcnRfZGV0ZWN0ZWQ6dmVyc2lvbl8xGMeo/Y2mAiJEcHJvamVjdHMvc2FmZXpvbmUtY2Q0YjUvbG9jYXRpb25zL21lLXdlc3QxL2Z1bmN0aW9ucy9vbkFsZXJ0RGV0ZWN0ZWQqDAiV5+TNBhDY4O6nATIIbm9kZWpzMjA6cwojZ2NyLmlvL2dhZS1ydW50aW1lcy9ub2RlanMyMDpzdGFibGUSTG1lLXdlc3QxLWRvY2tlci5wa2cuZGV2L3NlcnZlcmxlc3MtcnVudGltZXMvZ29vZ2xlLTIyLWZ1bGwvcnVudGltZXMvbm9kZWpzMjBAAQ== for region me-west1
[debug] [2026-03-17T10:57:30.637Z] <<< [apiv2][status] GET https://cloudfunctions.googleapis.com/v2/projects/safezone-cd4b5/locations/me-west1/operations/operation-1773745049150-64d363393a275-9daab7e2-f932a7b6 200
[debug] [2026-03-17T10:57:30.638Z] <<< [apiv2][body] GET https://cloudfunctions.googleapis.com/v2/projects/safezone-cd4b5/locations/me-west1/operations/operation-1773745049150-64d363393a275-9daab7e2-f932a7b6 {"name":"projects/safezone-cd4b5/locations/me-west1/operations/operation-1773745049150-64d363393a275-9daab7e2-f932a7b6","metadata":{"@type":"type.googleapis.com/google.cloud.functions.v2.OperationMetadata","createTime":"2026-03-17T10:57:30.088242641Z","target":"projects/safezone-cd4b5/locations/me-west1/functions/testOrefAccess","verb":"update","cancelRequested":false,"apiVersion":"v2","requestResource":{"@type":"type.googleapis.com/google.cloud.functions.v2.Function","name":"projects/safezone-cd4b5/locations/me-west1/functions/testOrefAccess","buildConfig":{"runtime":"nodejs20","entryPoint":"testOrefAccess","source":{"storageSource":{"bucket":"gcf-v2-sources-78949340231-me-west1","object":"testOrefAccess/function-source.zip","generation":"1773745050044482"}},"environmentVariables":{"GOOGLE_NODE_RUN_SCRIPTS":""},"dockerRepository":"projects/safezone-cd4b5/locations/me-west1/repositories/gcf-artifacts","sourceProvenance":{"resolvedStorageSource":{"bucket":"gcf-v2-sources-78949340231-me-west1","object":"testOrefAccess/function-source.zip","generation":"1773736530217389"}},"dockerRegistry":"ARTIFACT_REGISTRY","sourceToken":"ClNwcm9qZWN0cy83ODk0OTM0MDIzMS9sb2NhdGlvbnMvbWUtd2VzdDEvYnVpbGRzL2M5MzY3ZTdkLTUxMWUtNDk5Mi1hMzdmLTI4NTNkYjM2OTI2MRJsbWUtd2VzdDEtZG9ja2VyLnBrZy5kZXYvc2FmZXpvbmUtY2Q0YjUvZ2NmLWFydGlmYWN0cy9zYWZlem9uZS0tY2Q0YjVfX21lLS13ZXN0MV9fb25fYWxlcnRfZGV0ZWN0ZWQ6dmVyc2lvbl8xGMeo/Y2mAiJEcHJvamVjdHMvc2FmZXpvbmUtY2Q0YjUvbG9jYXRpb25zL21lLXdlc3QxL2Z1bmN0aW9ucy9vbkFsZXJ0RGV0ZWN0ZWQqDAiV5+TNBhDY4O6nATIIbm9kZWpzMjA6cwojZ2NyLmlvL2dhZS1ydW50aW1lcy9ub2RlanMyMDpzdGFibGUSTG1lLXdlc3QxLWRvY2tlci5wa2cuZGV2L3NlcnZlcmxlc3MtcnVudGltZXMvZ29vZ2xlLTIyLWZ1bGwvcnVudGltZXMvbm9kZWpzMjBAAQ==","serviceAccount":"projects/safezone-cd4b5/serviceAccounts/78949340231-compute@developer.gserviceaccount.com","automaticUpdatePolicy":{}},"serviceConfig":{"service":"projects/safezone-cd4b5/locations/me-west1/services/testorefaccess","timeoutSeconds":60,"environmentVariables":{"FIREBASE_CONFIG":"{\"projectId\":\"safezone-cd4b5\",\"databaseURL\":\"https://safezone-cd4b5-default-rtdb.europe-west1.firebasedatabase.app\",\"storageBucket\":\"safezone-cd4b5.firebasestorage.app\"}","GCLOUD_PROJECT":"safezone-cd4b5","EVENTARC_CLOUD_EVENT_SOURCE":"projects/safezone-cd4b5/locations/me-west1/services/testOrefAccess","FUNCTION_TARGET":"testOrefAccess","LOG_EXECUTION_ID":"true","FUNCTION_SIGNATURE_TYPE":"http"},"ingressSettings":"ALLOW_ALL","uri":"https://testorefaccess-2espohqsdq-zf.a.run.app","serviceAccountEmail":"78949340231-compute@developer.gserviceaccount.com","availableMemory":"256Mi","allTrafficOnLatestRevision":true,"revision":"testorefaccess-00004-nav","maxInstanceRequestConcurrency":80,"availableCpu":"1"},"state":"ACTIVE","labels":{"deployment-tool":"cli-firebase","firebase-functions-hash":"3161b62d6e043105a6edf2587bc85ee6e74b8c04"},"environment":"GEN_2","url":"https://me-west1-safezone-cd4b5.cloudfunctions.net/testOrefAccess","satisfiesPzs":true,"satisfiesPzi":true},"stages":[{"name":"BUILD","message":"Reusing build","state":"COMPLETE","resource":"projects/78949340231/locations/me-west1/builds/c9367e7d-511e-4992-a37f-2853db369261","stateMessages":[{"severity":"WARNING","type":"BuildAnalysisWarning","message":"Node.js 20 is no longer supported by the Node.js community as of 30 April, 2026. Node.js 20 will be deprecated on 2026-04-30. We recommend you to upgrade to the latest version of Node.js as soon as possible."}]},{"name":"SERVICE","state":"NOT_STARTED"}],"sourceToken":"ClNwcm9qZWN0cy83ODk0OTM0MDIzMS9sb2NhdGlvbnMvbWUtd2VzdDEvYnVpbGRzL2M5MzY3ZTdkLTUxMWUtNDk5Mi1hMzdmLTI4NTNkYjM2OTI2MRJsbWUtd2VzdDEtZG9ja2VyLnBrZy5kZXYvc2FmZXpvbmUtY2Q0YjUvZ2NmLWFydGlmYWN0cy9zYWZlem9uZS0tY2Q0YjVfX21lLS13ZXN0MV9fb25fYWxlcnRfZGV0ZWN0ZWQ6dmVyc2lvbl8xGMeo/Y2mAiJEcHJvamVjdHMvc2FmZXpvbmUtY2Q0YjUvbG9jYXRpb25zL21lLXdlc3QxL2Z1bmN0aW9ucy9vbkFsZXJ0RGV0ZWN0ZWQqDAiV5+TNBhDY4O6nATIIbm9kZWpzMjA6cwojZ2NyLmlvL2dhZS1ydW50aW1lcy9ub2RlanMyMDpzdGFibGUSTG1lLXdlc3QxLWRvY2tlci5wa2cuZGV2L3NlcnZlcmxlc3MtcnVudGltZXMvZ29vZ2xlLTIyLWZ1bGwvcnVudGltZXMvbm9kZWpzMjBAAQ==","operationType":"UPDATE_FUNCTION","buildName":"projects/78949340231/locations/me-west1/builds/c9367e7d-511e-4992-a37f-2853db369261"},"done":false}
[debug] [2026-03-17T10:57:30.638Z] Got source token ClNwcm9qZWN0cy83ODk0OTM0MDIzMS9sb2NhdGlvbnMvbWUtd2VzdDEvYnVpbGRzL2M5MzY3ZTdkLTUxMWUtNDk5Mi1hMzdmLTI4NTNkYjM2OTI2MRJsbWUtd2VzdDEtZG9ja2VyLnBrZy5kZXYvc2FmZXpvbmUtY2Q0YjUvZ2NmLWFydGlmYWN0cy9zYWZlem9uZS0tY2Q0YjVfX21lLS13ZXN0MV9fb25fYWxlcnRfZGV0ZWN0ZWQ6dmVyc2lvbl8xGMeo/Y2mAiJEcHJvamVjdHMvc2FmZXpvbmUtY2Q0YjUvbG9jYXRpb25zL21lLXdlc3QxL2Z1bmN0aW9ucy9vbkFsZXJ0RGV0ZWN0ZWQqDAiV5+TNBhDY4O6nATIIbm9kZWpzMjA6cwojZ2NyLmlvL2dhZS1ydW50aW1lcy9ub2RlanMyMDpzdGFibGUSTG1lLXdlc3QxLWRvY2tlci5wa2cuZGV2L3NlcnZlcmxlc3MtcnVudGltZXMvZ29vZ2xlLTIyLWZ1bGwvcnVudGltZXMvbm9kZWpzMjBAAQ== for region me-west1
[debug] [2026-03-17T10:57:30.931Z] [update-default-me-west1-sendManualAlert] Retrying task index 0
[debug] [2026-03-17T10:57:30.932Z] Checked if tokens are valid: true, expires at: 1773748587252
[debug] [2026-03-17T10:57:30.932Z] Checked if tokens are valid: true, expires at: 1773748587252
[debug] [2026-03-17T10:57:30.932Z] >>> [apiv2][query] GET https://cloudfunctions.googleapis.com/v2/projects/safezone-cd4b5/locations/me-west1/operations/operation-1773745049149-64d3633939fbc-d7246abe-20b04563 [none]
[debug] [2026-03-17T10:57:30.977Z] [update-default-me-west1-getAlertProxy] Retrying task index 0
[debug] [2026-03-17T10:57:30.977Z] Checked if tokens are valid: true, expires at: 1773748587252
[debug] [2026-03-17T10:57:30.977Z] Checked if tokens are valid: true, expires at: 1773748587252
[debug] [2026-03-17T10:57:30.977Z] >>> [apiv2][query] GET https://cloudfunctions.googleapis.com/v2/projects/safezone-cd4b5/locations/me-west1/operations/operation-1773745048963-64d363390c9d4-197da110-94afb185 [none]
[debug] [2026-03-17T10:57:31.147Z] [update-default-me-west1-testOrefAccess] Retrying task index 0
[debug] [2026-03-17T10:57:31.148Z] Checked if tokens are valid: true, expires at: 1773748587252
[debug] [2026-03-17T10:57:31.148Z] Checked if tokens are valid: true, expires at: 1773748587252
[debug] [2026-03-17T10:57:31.148Z] >>> [apiv2][query] GET https://cloudfunctions.googleapis.com/v2/projects/safezone-cd4b5/locations/me-west1/operations/operation-1773745049150-64d363393a275-9daab7e2-f932a7b6 [none]
[debug] [2026-03-17T10:57:31.330Z] <<< [apiv2][status] GET https://cloudfunctions.googleapis.com/v2/projects/safezone-cd4b5/locations/me-west1/operations/operation-1773745049149-64d3633939fbc-d7246abe-20b04563 200
[debug] [2026-03-17T10:57:31.331Z] <<< [apiv2][body] GET https://cloudfunctions.googleapis.com/v2/projects/safezone-cd4b5/locations/me-west1/operations/operation-1773745049149-64d3633939fbc-d7246abe-20b04563 {"name":"projects/safezone-cd4b5/locations/me-west1/operations/operation-1773745049149-64d3633939fbc-d7246abe-20b04563","metadata":{"@type":"type.googleapis.com/google.cloud.functions.v2.OperationMetadata","createTime":"2026-03-17T10:57:29.908877868Z","target":"projects/safezone-cd4b5/locations/me-west1/functions/sendManualAlert","verb":"update","cancelRequested":false,"apiVersion":"v2","requestResource":{"@type":"type.googleapis.com/google.cloud.functions.v2.Function","name":"projects/safezone-cd4b5/locations/me-west1/functions/sendManualAlert","buildConfig":{"runtime":"nodejs20","entryPoint":"sendManualAlert","source":{"storageSource":{"bucket":"gcf-v2-sources-78949340231-me-west1","object":"sendManualAlert/function-source.zip","generation":"1773745049874157"}},"environmentVariables":{"GOOGLE_NODE_RUN_SCRIPTS":""},"dockerRepository":"projects/safezone-cd4b5/locations/me-west1/repositories/gcf-artifacts","sourceProvenance":{"resolvedStorageSource":{"bucket":"gcf-v2-sources-78949340231-me-west1","object":"sendManualAlert/function-source.zip","generation":"1773736530215611"}},"dockerRegistry":"ARTIFACT_REGISTRY","sourceToken":"ClNwcm9qZWN0cy83ODk0OTM0MDIzMS9sb2NhdGlvbnMvbWUtd2VzdDEvYnVpbGRzL2M5MzY3ZTdkLTUxMWUtNDk5Mi1hMzdmLTI4NTNkYjM2OTI2MRJsbWUtd2VzdDEtZG9ja2VyLnBrZy5kZXYvc2FmZXpvbmUtY2Q0YjUvZ2NmLWFydGlmYWN0cy9zYWZlem9uZS0tY2Q0YjVfX21lLS13ZXN0MV9fb25fYWxlcnRfZGV0ZWN0ZWQ6dmVyc2lvbl8xGMeo/Y2mAiJEcHJvamVjdHMvc2FmZXpvbmUtY2Q0YjUvbG9jYXRpb25zL21lLXdlc3QxL2Z1bmN0aW9ucy9vbkFsZXJ0RGV0ZWN0ZWQqDAiV5+TNBhDY4O6nATIIbm9kZWpzMjA6cwojZ2NyLmlvL2dhZS1ydW50aW1lcy9ub2RlanMyMDpzdGFibGUSTG1lLXdlc3QxLWRvY2tlci5wa2cuZGV2L3NlcnZlcmxlc3MtcnVudGltZXMvZ29vZ2xlLTIyLWZ1bGwvcnVudGltZXMvbm9kZWpzMjBAAQ==","serviceAccount":"projects/safezone-cd4b5/serviceAccounts/78949340231-compute@developer.gserviceaccount.com","automaticUpdatePolicy":{}},"serviceConfig":{"service":"projects/safezone-cd4b5/locations/me-west1/services/sendmanualalert","timeoutSeconds":60,"environmentVariables":{"FIREBASE_CONFIG":"{\"projectId\":\"safezone-cd4b5\",\"databaseURL\":\"https://safezone-cd4b5-default-rtdb.europe-west1.firebasedatabase.app\",\"storageBucket\":\"safezone-cd4b5.firebasestorage.app\"}","GCLOUD_PROJECT":"safezone-cd4b5","EVENTARC_CLOUD_EVENT_SOURCE":"projects/safezone-cd4b5/locations/me-west1/services/sendManualAlert","FUNCTION_TARGET":"sendManualAlert","LOG_EXECUTION_ID":"true","FUNCTION_SIGNATURE_TYPE":"http"},"ingressSettings":"ALLOW_ALL","uri":"https://sendmanualalert-2espohqsdq-zf.a.run.app","serviceAccountEmail":"78949340231-compute@developer.gserviceaccount.com","availableMemory":"256Mi","allTrafficOnLatestRevision":true,"revision":"sendmanualalert-00004-yip","maxInstanceRequestConcurrency":80,"availableCpu":"1"},"state":"ACTIVE","labels":{"deployment-tool":"cloudfunctions","firebase-functions-hash":"3161b62d6e043105a6edf2587bc85ee6e74b8c04"},"environment":"GEN_2","url":"https://me-west1-safezone-cd4b5.cloudfunctions.net/sendManualAlert","satisfiesPzs":true,"satisfiesPzi":true},"stages":[{"name":"BUILD","message":"Reusing build","state":"COMPLETE","resource":"projects/78949340231/locations/me-west1/builds/c9367e7d-511e-4992-a37f-2853db369261","stateMessages":[{"severity":"WARNING","type":"BuildAnalysisWarning","message":"Node.js 20 is no longer supported by the Node.js community as of 30 April, 2026. Node.js 20 will be deprecated on 2026-04-30. We recommend you to upgrade to the latest version of Node.js as soon as possible."}]},{"name":"SERVICE","message":"Updating Cloud Run service","state":"IN_PROGRESS","resource":"projects/safezone-cd4b5/locations/me-west1/services/sendmanualalert","resourceUri":"https://console.cloud.google.com/run/detail/me-west1/sendmanualalert?project=safezone-cd4b5","stateMessages":[{"severity":"INFO","type":"CloudRunServiceNewRevisionTrafficInfo","message":"A new revision will be deployed serving with 100% traffic."}]}],"sourceToken":"ClNwcm9qZWN0cy83ODk0OTM0MDIzMS9sb2NhdGlvbnMvbWUtd2VzdDEvYnVpbGRzL2M5MzY3ZTdkLTUxMWUtNDk5Mi1hMzdmLTI4NTNkYjM2OTI2MRJsbWUtd2VzdDEtZG9ja2VyLnBrZy5kZXYvc2FmZXpvbmUtY2Q0YjUvZ2NmLWFydGlmYWN0cy9zYWZlem9uZS0tY2Q0YjVfX21lLS13ZXN0MV9fb25fYWxlcnRfZGV0ZWN0ZWQ6dmVyc2lvbl8xGMeo/Y2mAiJEcHJvamVjdHMvc2FmZXpvbmUtY2Q0YjUvbG9jYXRpb25zL21lLXdlc3QxL2Z1bmN0aW9ucy9vbkFsZXJ0RGV0ZWN0ZWQqDAiV5+TNBhDY4O6nATIIbm9kZWpzMjA6cwojZ2NyLmlvL2dhZS1ydW50aW1lcy9ub2RlanMyMDpzdGFibGUSTG1lLXdlc3QxLWRvY2tlci5wa2cuZGV2L3NlcnZlcmxlc3MtcnVudGltZXMvZ29vZ2xlLTIyLWZ1bGwvcnVudGltZXMvbm9kZWpzMjBAAQ==","operationType":"UPDATE_FUNCTION","buildName":"projects/78949340231/locations/me-west1/builds/c9367e7d-511e-4992-a37f-2853db369261"},"done":false}
[debug] [2026-03-17T10:57:31.331Z] Got source token ClNwcm9qZWN0cy83ODk0OTM0MDIzMS9sb2NhdGlvbnMvbWUtd2VzdDEvYnVpbGRzL2M5MzY3ZTdkLTUxMWUtNDk5Mi1hMzdmLTI4NTNkYjM2OTI2MRJsbWUtd2VzdDEtZG9ja2VyLnBrZy5kZXYvc2FmZXpvbmUtY2Q0YjUvZ2NmLWFydGlmYWN0cy9zYWZlem9uZS0tY2Q0YjVfX21lLS13ZXN0MV9fb25fYWxlcnRfZGV0ZWN0ZWQ6dmVyc2lvbl8xGMeo/Y2mAiJEcHJvamVjdHMvc2FmZXpvbmUtY2Q0YjUvbG9jYXRpb25zL21lLXdlc3QxL2Z1bmN0aW9ucy9vbkFsZXJ0RGV0ZWN0ZWQqDAiV5+TNBhDY4O6nATIIbm9kZWpzMjA6cwojZ2NyLmlvL2dhZS1ydW50aW1lcy9ub2RlanMyMDpzdGFibGUSTG1lLXdlc3QxLWRvY2tlci5wa2cuZGV2L3NlcnZlcmxlc3MtcnVudGltZXMvZ29vZ2xlLTIyLWZ1bGwvcnVudGltZXMvbm9kZWpzMjBAAQ== for region me-west1
[debug] [2026-03-17T10:57:31.380Z] <<< [apiv2][status] GET https://cloudfunctions.googleapis.com/v2/projects/safezone-cd4b5/locations/me-west1/operations/operation-1773745048963-64d363390c9d4-197da110-94afb185 200
[debug] [2026-03-17T10:57:31.380Z] <<< [apiv2][body] GET https://cloudfunctions.googleapis.com/v2/projects/safezone-cd4b5/locations/me-west1/operations/operation-1773745048963-64d363390c9d4-197da110-94afb185 {"name":"projects/safezone-cd4b5/locations/me-west1/operations/operation-1773745048963-64d363390c9d4-197da110-94afb185","metadata":{"@type":"type.googleapis.com/google.cloud.functions.v2.OperationMetadata","createTime":"2026-03-17T10:57:29.883942822Z","target":"projects/safezone-cd4b5/locations/me-west1/functions/getAlertProxy","verb":"update","cancelRequested":false,"apiVersion":"v2","requestResource":{"@type":"type.googleapis.com/google.cloud.functions.v2.Function","name":"projects/safezone-cd4b5/locations/me-west1/functions/getAlertProxy","buildConfig":{"runtime":"nodejs20","entryPoint":"getAlertProxy","source":{"storageSource":{"bucket":"gcf-v2-sources-78949340231-me-west1","object":"getAlertProxy/function-source.zip","generation":"1773745049836862"}},"environmentVariables":{"GOOGLE_NODE_RUN_SCRIPTS":""},"dockerRepository":"projects/safezone-cd4b5/locations/me-west1/repositories/gcf-artifacts","sourceProvenance":{"resolvedStorageSource":{"bucket":"gcf-v2-sources-78949340231-me-west1","object":"getAlertProxy/function-source.zip","generation":"1773736530092335"}},"dockerRegistry":"ARTIFACT_REGISTRY","sourceToken":"ClNwcm9qZWN0cy83ODk0OTM0MDIzMS9sb2NhdGlvbnMvbWUtd2VzdDEvYnVpbGRzL2M5MzY3ZTdkLTUxMWUtNDk5Mi1hMzdmLTI4NTNkYjM2OTI2MRJsbWUtd2VzdDEtZG9ja2VyLnBrZy5kZXYvc2FmZXpvbmUtY2Q0YjUvZ2NmLWFydGlmYWN0cy9zYWZlem9uZS0tY2Q0YjVfX21lLS13ZXN0MV9fb25fYWxlcnRfZGV0ZWN0ZWQ6dmVyc2lvbl8xGMeo/Y2mAiJEcHJvamVjdHMvc2FmZXpvbmUtY2Q0YjUvbG9jYXRpb25zL21lLXdlc3QxL2Z1bmN0aW9ucy9vbkFsZXJ0RGV0ZWN0ZWQqDAiV5+TNBhDY4O6nATIIbm9kZWpzMjA6cwojZ2NyLmlvL2dhZS1ydW50aW1lcy9ub2RlanMyMDpzdGFibGUSTG1lLXdlc3QxLWRvY2tlci5wa2cuZGV2L3NlcnZlcmxlc3MtcnVudGltZXMvZ29vZ2xlLTIyLWZ1bGwvcnVudGltZXMvbm9kZWpzMjBAAQ==","serviceAccount":"projects/safezone-cd4b5/serviceAccounts/78949340231-compute@developer.gserviceaccount.com","automaticUpdatePolicy":{}},"serviceConfig":{"service":"projects/safezone-cd4b5/locations/me-west1/services/getalertproxy","timeoutSeconds":60,"environmentVariables":{"FIREBASE_CONFIG":"{\"projectId\":\"safezone-cd4b5\",\"databaseURL\":\"https://safezone-cd4b5-default-rtdb.europe-west1.firebasedatabase.app\",\"storageBucket\":\"safezone-cd4b5.firebasestorage.app\"}","GCLOUD_PROJECT":"safezone-cd4b5","EVENTARC_CLOUD_EVENT_SOURCE":"projects/safezone-cd4b5/locations/me-west1/services/getAlertProxy","FUNCTION_TARGET":"getAlertProxy","LOG_EXECUTION_ID":"true","FUNCTION_SIGNATURE_TYPE":"http"},"ingressSettings":"ALLOW_ALL","uri":"https://getalertproxy-2espohqsdq-zf.a.run.app","serviceAccountEmail":"78949340231-compute@developer.gserviceaccount.com","availableMemory":"256Mi","allTrafficOnLatestRevision":true,"revision":"getalertproxy-00004-wol","maxInstanceRequestConcurrency":80,"availableCpu":"1"},"state":"ACTIVE","labels":{"deployment-tool":"cli-firebase","firebase-functions-hash":"3161b62d6e043105a6edf2587bc85ee6e74b8c04"},"environment":"GEN_2","url":"https://me-west1-safezone-cd4b5.cloudfunctions.net/getAlertProxy","satisfiesPzs":true,"satisfiesPzi":true},"stages":[{"name":"BUILD","message":"Reusing build","state":"COMPLETE","resource":"projects/78949340231/locations/me-west1/builds/c9367e7d-511e-4992-a37f-2853db369261","stateMessages":[{"severity":"WARNING","type":"BuildAnalysisWarning","message":"Node.js 20 is no longer supported by the Node.js community as of 30 April, 2026. Node.js 20 will be deprecated on 2026-04-30. We recommend you to upgrade to the latest version of Node.js as soon as possible."}]},{"name":"SERVICE","message":"Updating Cloud Run service","state":"IN_PROGRESS","resource":"projects/safezone-cd4b5/locations/me-west1/services/getalertproxy","resourceUri":"https://console.cloud.google.com/run/detail/me-west1/getalertproxy?project=safezone-cd4b5","stateMessages":[{"severity":"INFO","type":"CloudRunServiceNewRevisionTrafficInfo","message":"A new revision will be deployed serving with 100% traffic."}]}],"sourceToken":"ClNwcm9qZWN0cy83ODk0OTM0MDIzMS9sb2NhdGlvbnMvbWUtd2VzdDEvYnVpbGRzL2M5MzY3ZTdkLTUxMWUtNDk5Mi1hMzdmLTI4NTNkYjM2OTI2MRJsbWUtd2VzdDEtZG9ja2VyLnBrZy5kZXYvc2FmZXpvbmUtY2Q0YjUvZ2NmLWFydGlmYWN0cy9zYWZlem9uZS0tY2Q0YjVfX21lLS13ZXN0MV9fb25fYWxlcnRfZGV0ZWN0ZWQ6dmVyc2lvbl8xGMeo/Y2mAiJEcHJvamVjdHMvc2FmZXpvbmUtY2Q0YjUvbG9jYXRpb25zL21lLXdlc3QxL2Z1bmN0aW9ucy9vbkFsZXJ0RGV0ZWN0ZWQqDAiV5+TNBhDY4O6nATIIbm9kZWpzMjA6cwojZ2NyLmlvL2dhZS1ydW50aW1lcy9ub2RlanMyMDpzdGFibGUSTG1lLXdlc3QxLWRvY2tlci5wa2cuZGV2L3NlcnZlcmxlc3MtcnVudGltZXMvZ29vZ2xlLTIyLWZ1bGwvcnVudGltZXMvbm9kZWpzMjBAAQ==","operationType":"UPDATE_FUNCTION","buildName":"projects/78949340231/locations/me-west1/builds/c9367e7d-511e-4992-a37f-2853db369261"},"done":false}
[debug] [2026-03-17T10:57:31.380Z] Got source token ClNwcm9qZWN0cy83ODk0OTM0MDIzMS9sb2NhdGlvbnMvbWUtd2VzdDEvYnVpbGRzL2M5MzY3ZTdkLTUxMWUtNDk5Mi1hMzdmLTI4NTNkYjM2OTI2MRJsbWUtd2VzdDEtZG9ja2VyLnBrZy5kZXYvc2FmZXpvbmUtY2Q0YjUvZ2NmLWFydGlmYWN0cy9zYWZlem9uZS0tY2Q0YjVfX21lLS13ZXN0MV9fb25fYWxlcnRfZGV0ZWN0ZWQ6dmVyc2lvbl8xGMeo/Y2mAiJEcHJvamVjdHMvc2FmZXpvbmUtY2Q0YjUvbG9jYXRpb25zL21lLXdlc3QxL2Z1bmN0aW9ucy9vbkFsZXJ0RGV0ZWN0ZWQqDAiV5+TNBhDY4O6nATIIbm9kZWpzMjA6cwojZ2NyLmlvL2dhZS1ydW50aW1lcy9ub2RlanMyMDpzdGFibGUSTG1lLXdlc3QxLWRvY2tlci5wa2cuZGV2L3NlcnZlcmxlc3MtcnVudGltZXMvZ29vZ2xlLTIyLWZ1bGwvcnVudGltZXMvbm9kZWpzMjBAAQ== for region me-west1
[debug] [2026-03-17T10:57:31.545Z] <<< [apiv2][status] GET https://cloudfunctions.googleapis.com/v2/projects/safezone-cd4b5/locations/me-west1/operations/operation-1773745049150-64d363393a275-9daab7e2-f932a7b6 200
[debug] [2026-03-17T10:57:31.545Z] <<< [apiv2][body] GET https://cloudfunctions.googleapis.com/v2/projects/safezone-cd4b5/locations/me-west1/operations/operation-1773745049150-64d363393a275-9daab7e2-f932a7b6 {"name":"projects/safezone-cd4b5/locations/me-west1/operations/operation-1773745049150-64d363393a275-9daab7e2-f932a7b6","metadata":{"@type":"type.googleapis.com/google.cloud.functions.v2.OperationMetadata","createTime":"2026-03-17T10:57:30.088242641Z","target":"projects/safezone-cd4b5/locations/me-west1/functions/testOrefAccess","verb":"update","cancelRequested":false,"apiVersion":"v2","requestResource":{"@type":"type.googleapis.com/google.cloud.functions.v2.Function","name":"projects/safezone-cd4b5/locations/me-west1/functions/testOrefAccess","buildConfig":{"runtime":"nodejs20","entryPoint":"testOrefAccess","source":{"storageSource":{"bucket":"gcf-v2-sources-78949340231-me-west1","object":"testOrefAccess/function-source.zip","generation":"1773745050044482"}},"environmentVariables":{"GOOGLE_NODE_RUN_SCRIPTS":""},"dockerRepository":"projects/safezone-cd4b5/locations/me-west1/repositories/gcf-artifacts","sourceProvenance":{"resolvedStorageSource":{"bucket":"gcf-v2-sources-78949340231-me-west1","object":"testOrefAccess/function-source.zip","generation":"1773736530217389"}},"dockerRegistry":"ARTIFACT_REGISTRY","sourceToken":"ClNwcm9qZWN0cy83ODk0OTM0MDIzMS9sb2NhdGlvbnMvbWUtd2VzdDEvYnVpbGRzL2M5MzY3ZTdkLTUxMWUtNDk5Mi1hMzdmLTI4NTNkYjM2OTI2MRJsbWUtd2VzdDEtZG9ja2VyLnBrZy5kZXYvc2FmZXpvbmUtY2Q0YjUvZ2NmLWFydGlmYWN0cy9zYWZlem9uZS0tY2Q0YjVfX21lLS13ZXN0MV9fb25fYWxlcnRfZGV0ZWN0ZWQ6dmVyc2lvbl8xGMeo/Y2mAiJEcHJvamVjdHMvc2FmZXpvbmUtY2Q0YjUvbG9jYXRpb25zL21lLXdlc3QxL2Z1bmN0aW9ucy9vbkFsZXJ0RGV0ZWN0ZWQqDAiV5+TNBhDY4O6nATIIbm9kZWpzMjA6cwojZ2NyLmlvL2dhZS1ydW50aW1lcy9ub2RlanMyMDpzdGFibGUSTG1lLXdlc3QxLWRvY2tlci5wa2cuZGV2L3NlcnZlcmxlc3MtcnVudGltZXMvZ29vZ2xlLTIyLWZ1bGwvcnVudGltZXMvbm9kZWpzMjBAAQ==","serviceAccount":"projects/safezone-cd4b5/serviceAccounts/78949340231-compute@developer.gserviceaccount.com","automaticUpdatePolicy":{}},"serviceConfig":{"service":"projects/safezone-cd4b5/locations/me-west1/services/testorefaccess","timeoutSeconds":60,"environmentVariables":{"FIREBASE_CONFIG":"{\"projectId\":\"safezone-cd4b5\",\"databaseURL\":\"https://safezone-cd4b5-default-rtdb.europe-west1.firebasedatabase.app\",\"storageBucket\":\"safezone-cd4b5.firebasestorage.app\"}","GCLOUD_PROJECT":"safezone-cd4b5","EVENTARC_CLOUD_EVENT_SOURCE":"projects/safezone-cd4b5/locations/me-west1/services/testOrefAccess","FUNCTION_TARGET":"testOrefAccess","LOG_EXECUTION_ID":"true","FUNCTION_SIGNATURE_TYPE":"http"},"ingressSettings":"ALLOW_ALL","uri":"https://testorefaccess-2espohqsdq-zf.a.run.app","serviceAccountEmail":"78949340231-compute@developer.gserviceaccount.com","availableMemory":"256Mi","allTrafficOnLatestRevision":true,"revision":"testorefaccess-00004-nav","maxInstanceRequestConcurrency":80,"availableCpu":"1"},"state":"ACTIVE","labels":{"deployment-tool":"cli-firebase","firebase-functions-hash":"3161b62d6e043105a6edf2587bc85ee6e74b8c04"},"environment":"GEN_2","url":"https://me-west1-safezone-cd4b5.cloudfunctions.net/testOrefAccess","satisfiesPzs":true,"satisfiesPzi":true},"stages":[{"name":"BUILD","message":"Reusing build","state":"COMPLETE","resource":"projects/78949340231/locations/me-west1/builds/c9367e7d-511e-4992-a37f-2853db369261","stateMessages":[{"severity":"WARNING","type":"BuildAnalysisWarning","message":"Node.js 20 is no longer supported by the Node.js community as of 30 April, 2026. Node.js 20 will be deprecated on 2026-04-30. We recommend you to upgrade to the latest version of Node.js as soon as possible."}]},{"name":"SERVICE","message":"Updating Cloud Run service","state":"IN_PROGRESS","resource":"projects/safezone-cd4b5/locations/me-west1/services/testorefaccess","resourceUri":"https://console.cloud.google.com/run/detail/me-west1/testorefaccess?project=safezone-cd4b5","stateMessages":[{"severity":"INFO","type":"CloudRunServiceNewRevisionTrafficInfo","message":"A new revision will be deployed serving with 100% traffic."}]}],"sourceToken":"ClNwcm9qZWN0cy83ODk0OTM0MDIzMS9sb2NhdGlvbnMvbWUtd2VzdDEvYnVpbGRzL2M5MzY3ZTdkLTUxMWUtNDk5Mi1hMzdmLTI4NTNkYjM2OTI2MRJsbWUtd2VzdDEtZG9ja2VyLnBrZy5kZXYvc2FmZXpvbmUtY2Q0YjUvZ2NmLWFydGlmYWN0cy9zYWZlem9uZS0tY2Q0YjVfX21lLS13ZXN0MV9fb25fYWxlcnRfZGV0ZWN0ZWQ6dmVyc2lvbl8xGMeo/Y2mAiJEcHJvamVjdHMvc2FmZXpvbmUtY2Q0YjUvbG9jYXRpb25zL21lLXdlc3QxL2Z1bmN0aW9ucy9vbkFsZXJ0RGV0ZWN0ZWQqDAiV5+TNBhDY4O6nATIIbm9kZWpzMjA6cwojZ2NyLmlvL2dhZS1ydW50aW1lcy9ub2RlanMyMDpzdGFibGUSTG1lLXdlc3QxLWRvY2tlci5wa2cuZGV2L3NlcnZlcmxlc3MtcnVudGltZXMvZ29vZ2xlLTIyLWZ1bGwvcnVudGltZXMvbm9kZWpzMjBAAQ==","operationType":"UPDATE_FUNCTION","buildName":"projects/78949340231/locations/me-west1/builds/c9367e7d-511e-4992-a37f-2853db369261"},"done":false}
[debug] [2026-03-17T10:57:31.546Z] Got source token ClNwcm9qZWN0cy83ODk0OTM0MDIzMS9sb2NhdGlvbnMvbWUtd2VzdDEvYnVpbGRzL2M5MzY3ZTdkLTUxMWUtNDk5Mi1hMzdmLTI4NTNkYjM2OTI2MRJsbWUtd2VzdDEtZG9ja2VyLnBrZy5kZXYvc2FmZXpvbmUtY2Q0YjUvZ2NmLWFydGlmYWN0cy9zYWZlem9uZS0tY2Q0YjVfX21lLS13ZXN0MV9fb25fYWxlcnRfZGV0ZWN0ZWQ6dmVyc2lvbl8xGMeo/Y2mAiJEcHJvamVjdHMvc2FmZXpvbmUtY2Q0YjUvbG9jYXRpb25zL21lLXdlc3QxL2Z1bmN0aW9ucy9vbkFsZXJ0RGV0ZWN0ZWQqDAiV5+TNBhDY4O6nATIIbm9kZWpzMjA6cwojZ2NyLmlvL2dhZS1ydW50aW1lcy9ub2RlanMyMDpzdGFibGUSTG1lLXdlc3QxLWRvY2tlci5wa2cuZGV2L3NlcnZlcmxlc3MtcnVudGltZXMvZ29vZ2xlLTIyLWZ1bGwvcnVudGltZXMvbm9kZWpzMjBAAQ== for region me-west1
[debug] [2026-03-17T10:57:32.347Z] [update-default-me-west1-sendManualAlert] Retrying task index 0
[debug] [2026-03-17T10:57:32.347Z] Checked if tokens are valid: true, expires at: 1773748587252
[debug] [2026-03-17T10:57:32.347Z] Checked if tokens are valid: true, expires at: 1773748587252
[debug] [2026-03-17T10:57:32.348Z] >>> [apiv2][query] GET https://cloudfunctions.googleapis.com/v2/projects/safezone-cd4b5/locations/me-west1/operations/operation-1773745049149-64d3633939fbc-d7246abe-20b04563 [none]
[debug] [2026-03-17T10:57:32.393Z] [update-default-me-west1-getAlertProxy] Retrying task index 0
[debug] [2026-03-17T10:57:32.393Z] Checked if tokens are valid: true, expires at: 1773748587252
[debug] [2026-03-17T10:57:32.393Z] Checked if tokens are valid: true, expires at: 1773748587252
[debug] [2026-03-17T10:57:32.393Z] >>> [apiv2][query] GET https://cloudfunctions.googleapis.com/v2/projects/safezone-cd4b5/locations/me-west1/operations/operation-1773745048963-64d363390c9d4-197da110-94afb185 [none]
[debug] [2026-03-17T10:57:32.548Z] [update-default-me-west1-testOrefAccess] Retrying task index 0
[debug] [2026-03-17T10:57:32.548Z] Checked if tokens are valid: true, expires at: 1773748587252
[debug] [2026-03-17T10:57:32.548Z] Checked if tokens are valid: true, expires at: 1773748587252
[debug] [2026-03-17T10:57:32.548Z] >>> [apiv2][query] GET https://cloudfunctions.googleapis.com/v2/projects/safezone-cd4b5/locations/me-west1/operations/operation-1773745049150-64d363393a275-9daab7e2-f932a7b6 [none]
[debug] [2026-03-17T10:57:32.682Z] <<< [apiv2][status] GET https://cloudfunctions.googleapis.com/v2/projects/safezone-cd4b5/locations/me-west1/operations/operation-1773745049150-64d363393a275-9daab7e2-f932a7b6 200
[debug] [2026-03-17T10:57:32.682Z] <<< [apiv2][body] GET https://cloudfunctions.googleapis.com/v2/projects/safezone-cd4b5/locations/me-west1/operations/operation-1773745049150-64d363393a275-9daab7e2-f932a7b6 {"name":"projects/safezone-cd4b5/locations/me-west1/operations/operation-1773745049150-64d363393a275-9daab7e2-f932a7b6","metadata":{"@type":"type.googleapis.com/google.cloud.functions.v2.OperationMetadata","createTime":"2026-03-17T10:57:30.088242641Z","target":"projects/safezone-cd4b5/locations/me-west1/functions/testOrefAccess","verb":"update","cancelRequested":false,"apiVersion":"v2","requestResource":{"@type":"type.googleapis.com/google.cloud.functions.v2.Function","name":"projects/safezone-cd4b5/locations/me-west1/functions/testOrefAccess","buildConfig":{"runtime":"nodejs20","entryPoint":"testOrefAccess","source":{"storageSource":{"bucket":"gcf-v2-sources-78949340231-me-west1","object":"testOrefAccess/function-source.zip","generation":"1773745050044482"}},"environmentVariables":{"GOOGLE_NODE_RUN_SCRIPTS":""},"dockerRepository":"projects/safezone-cd4b5/locations/me-west1/repositories/gcf-artifacts","sourceProvenance":{"resolvedStorageSource":{"bucket":"gcf-v2-sources-78949340231-me-west1","object":"testOrefAccess/function-source.zip","generation":"1773736530217389"}},"dockerRegistry":"ARTIFACT_REGISTRY","sourceToken":"ClNwcm9qZWN0cy83ODk0OTM0MDIzMS9sb2NhdGlvbnMvbWUtd2VzdDEvYnVpbGRzL2M5MzY3ZTdkLTUxMWUtNDk5Mi1hMzdmLTI4NTNkYjM2OTI2MRJsbWUtd2VzdDEtZG9ja2VyLnBrZy5kZXYvc2FmZXpvbmUtY2Q0YjUvZ2NmLWFydGlmYWN0cy9zYWZlem9uZS0tY2Q0YjVfX21lLS13ZXN0MV9fb25fYWxlcnRfZGV0ZWN0ZWQ6dmVyc2lvbl8xGMeo/Y2mAiJEcHJvamVjdHMvc2FmZXpvbmUtY2Q0YjUvbG9jYXRpb25zL21lLXdlc3QxL2Z1bmN0aW9ucy9vbkFsZXJ0RGV0ZWN0ZWQqDAiV5+TNBhDY4O6nATIIbm9kZWpzMjA6cwojZ2NyLmlvL2dhZS1ydW50aW1lcy9ub2RlanMyMDpzdGFibGUSTG1lLXdlc3QxLWRvY2tlci5wa2cuZGV2L3NlcnZlcmxlc3MtcnVudGltZXMvZ29vZ2xlLTIyLWZ1bGwvcnVudGltZXMvbm9kZWpzMjBAAQ==","serviceAccount":"projects/safezone-cd4b5/serviceAccounts/78949340231-compute@developer.gserviceaccount.com","automaticUpdatePolicy":{}},"serviceConfig":{"service":"projects/safezone-cd4b5/locations/me-west1/services/testorefaccess","timeoutSeconds":60,"environmentVariables":{"FIREBASE_CONFIG":"{\"projectId\":\"safezone-cd4b5\",\"databaseURL\":\"https://safezone-cd4b5-default-rtdb.europe-west1.firebasedatabase.app\",\"storageBucket\":\"safezone-cd4b5.firebasestorage.app\"}","GCLOUD_PROJECT":"safezone-cd4b5","EVENTARC_CLOUD_EVENT_SOURCE":"projects/safezone-cd4b5/locations/me-west1/services/testOrefAccess","FUNCTION_TARGET":"testOrefAccess","LOG_EXECUTION_ID":"true","FUNCTION_SIGNATURE_TYPE":"http"},"ingressSettings":"ALLOW_ALL","uri":"https://testorefaccess-2espohqsdq-zf.a.run.app","serviceAccountEmail":"78949340231-compute@developer.gserviceaccount.com","availableMemory":"256Mi","allTrafficOnLatestRevision":true,"revision":"testorefaccess-00004-nav","maxInstanceRequestConcurrency":80,"availableCpu":"1"},"state":"ACTIVE","labels":{"deployment-tool":"cli-firebase","firebase-functions-hash":"3161b62d6e043105a6edf2587bc85ee6e74b8c04"},"environment":"GEN_2","url":"https://me-west1-safezone-cd4b5.cloudfunctions.net/testOrefAccess","satisfiesPzs":true,"satisfiesPzi":true},"stages":[{"name":"BUILD","message":"Reusing build","state":"COMPLETE","resource":"projects/78949340231/locations/me-west1/builds/c9367e7d-511e-4992-a37f-2853db369261","stateMessages":[{"severity":"WARNING","type":"BuildAnalysisWarning","message":"Node.js 20 is no longer supported by the Node.js community as of 30 April, 2026. Node.js 20 will be deprecated on 2026-04-30. We recommend you to upgrade to the latest version of Node.js as soon as possible."}]},{"name":"SERVICE","message":"Updating Cloud Run service","state":"IN_PROGRESS","resource":"projects/safezone-cd4b5/locations/me-west1/services/testorefaccess","resourceUri":"https://console.cloud.google.com/run/detail/me-west1/testorefaccess?project=safezone-cd4b5","stateMessages":[{"severity":"INFO","type":"CloudRunServiceNewRevisionTrafficInfo","message":"A new revision will be deployed serving with 100% traffic."}]}],"sourceToken":"ClNwcm9qZWN0cy83ODk0OTM0MDIzMS9sb2NhdGlvbnMvbWUtd2VzdDEvYnVpbGRzL2M5MzY3ZTdkLTUxMWUtNDk5Mi1hMzdmLTI4NTNkYjM2OTI2MRJsbWUtd2VzdDEtZG9ja2VyLnBrZy5kZXYvc2FmZXpvbmUtY2Q0YjUvZ2NmLWFydGlmYWN0cy9zYWZlem9uZS0tY2Q0YjVfX21lLS13ZXN0MV9fb25fYWxlcnRfZGV0ZWN0ZWQ6dmVyc2lvbl8xGMeo/Y2mAiJEcHJvamVjdHMvc2FmZXpvbmUtY2Q0YjUvbG9jYXRpb25zL21lLXdlc3QxL2Z1bmN0aW9ucy9vbkFsZXJ0RGV0ZWN0ZWQqDAiV5+TNBhDY4O6nATIIbm9kZWpzMjA6cwojZ2NyLmlvL2dhZS1ydW50aW1lcy9ub2RlanMyMDpzdGFibGUSTG1lLXdlc3QxLWRvY2tlci5wa2cuZGV2L3NlcnZlcmxlc3MtcnVudGltZXMvZ29vZ2xlLTIyLWZ1bGwvcnVudGltZXMvbm9kZWpzMjBAAQ==","operationType":"UPDATE_FUNCTION","buildName":"projects/78949340231/locations/me-west1/builds/c9367e7d-511e-4992-a37f-2853db369261"},"done":false}
[debug] [2026-03-17T10:57:32.682Z] Got source token ClNwcm9qZWN0cy83ODk0OTM0MDIzMS9sb2NhdGlvbnMvbWUtd2VzdDEvYnVpbGRzL2M5MzY3ZTdkLTUxMWUtNDk5Mi1hMzdmLTI4NTNkYjM2OTI2MRJsbWUtd2VzdDEtZG9ja2VyLnBrZy5kZXYvc2FmZXpvbmUtY2Q0YjUvZ2NmLWFydGlmYWN0cy9zYWZlem9uZS0tY2Q0YjVfX21lLS13ZXN0MV9fb25fYWxlcnRfZGV0ZWN0ZWQ6dmVyc2lvbl8xGMeo/Y2mAiJEcHJvamVjdHMvc2FmZXpvbmUtY2Q0YjUvbG9jYXRpb25zL21lLXdlc3QxL2Z1bmN0aW9ucy9vbkFsZXJ0RGV0ZWN0ZWQqDAiV5+TNBhDY4O6nATIIbm9kZWpzMjA6cwojZ2NyLmlvL2dhZS1ydW50aW1lcy9ub2RlanMyMDpzdGFibGUSTG1lLXdlc3QxLWRvY2tlci5wa2cuZGV2L3NlcnZlcmxlc3MtcnVudGltZXMvZ29vZ2xlLTIyLWZ1bGwvcnVudGltZXMvbm9kZWpzMjBAAQ== for region me-west1
[debug] [2026-03-17T10:57:32.753Z] <<< [apiv2][status] GET https://cloudfunctions.googleapis.com/v2/projects/safezone-cd4b5/locations/me-west1/operations/operation-1773745049149-64d3633939fbc-d7246abe-20b04563 200
[debug] [2026-03-17T10:57:32.754Z] <<< [apiv2][body] GET https://cloudfunctions.googleapis.com/v2/projects/safezone-cd4b5/locations/me-west1/operations/operation-1773745049149-64d3633939fbc-d7246abe-20b04563 {"name":"projects/safezone-cd4b5/locations/me-west1/operations/operation-1773745049149-64d3633939fbc-d7246abe-20b04563","metadata":{"@type":"type.googleapis.com/google.cloud.functions.v2.OperationMetadata","createTime":"2026-03-17T10:57:29.908877868Z","target":"projects/safezone-cd4b5/locations/me-west1/functions/sendManualAlert","verb":"update","cancelRequested":false,"apiVersion":"v2","requestResource":{"@type":"type.googleapis.com/google.cloud.functions.v2.Function","name":"projects/safezone-cd4b5/locations/me-west1/functions/sendManualAlert","buildConfig":{"runtime":"nodejs20","entryPoint":"sendManualAlert","source":{"storageSource":{"bucket":"gcf-v2-sources-78949340231-me-west1","object":"sendManualAlert/function-source.zip","generation":"1773745049874157"}},"environmentVariables":{"GOOGLE_NODE_RUN_SCRIPTS":""},"dockerRepository":"projects/safezone-cd4b5/locations/me-west1/repositories/gcf-artifacts","sourceProvenance":{"resolvedStorageSource":{"bucket":"gcf-v2-sources-78949340231-me-west1","object":"sendManualAlert/function-source.zip","generation":"1773736530215611"}},"dockerRegistry":"ARTIFACT_REGISTRY","sourceToken":"ClNwcm9qZWN0cy83ODk0OTM0MDIzMS9sb2NhdGlvbnMvbWUtd2VzdDEvYnVpbGRzL2M5MzY3ZTdkLTUxMWUtNDk5Mi1hMzdmLTI4NTNkYjM2OTI2MRJsbWUtd2VzdDEtZG9ja2VyLnBrZy5kZXYvc2FmZXpvbmUtY2Q0YjUvZ2NmLWFydGlmYWN0cy9zYWZlem9uZS0tY2Q0YjVfX21lLS13ZXN0MV9fb25fYWxlcnRfZGV0ZWN0ZWQ6dmVyc2lvbl8xGMeo/Y2mAiJEcHJvamVjdHMvc2FmZXpvbmUtY2Q0YjUvbG9jYXRpb25zL21lLXdlc3QxL2Z1bmN0aW9ucy9vbkFsZXJ0RGV0ZWN0ZWQqDAiV5+TNBhDY4O6nATIIbm9kZWpzMjA6cwojZ2NyLmlvL2dhZS1ydW50aW1lcy9ub2RlanMyMDpzdGFibGUSTG1lLXdlc3QxLWRvY2tlci5wa2cuZGV2L3NlcnZlcmxlc3MtcnVudGltZXMvZ29vZ2xlLTIyLWZ1bGwvcnVudGltZXMvbm9kZWpzMjBAAQ==","serviceAccount":"projects/safezone-cd4b5/serviceAccounts/78949340231-compute@developer.gserviceaccount.com","automaticUpdatePolicy":{}},"serviceConfig":{"service":"projects/safezone-cd4b5/locations/me-west1/services/sendmanualalert","timeoutSeconds":60,"environmentVariables":{"FIREBASE_CONFIG":"{\"projectId\":\"safezone-cd4b5\",\"databaseURL\":\"https://safezone-cd4b5-default-rtdb.europe-west1.firebasedatabase.app\",\"storageBucket\":\"safezone-cd4b5.firebasestorage.app\"}","GCLOUD_PROJECT":"safezone-cd4b5","EVENTARC_CLOUD_EVENT_SOURCE":"projects/safezone-cd4b5/locations/me-west1/services/sendManualAlert","FUNCTION_TARGET":"sendManualAlert","LOG_EXECUTION_ID":"true","FUNCTION_SIGNATURE_TYPE":"http"},"ingressSettings":"ALLOW_ALL","uri":"https://sendmanualalert-2espohqsdq-zf.a.run.app","serviceAccountEmail":"78949340231-compute@developer.gserviceaccount.com","availableMemory":"256Mi","allTrafficOnLatestRevision":true,"revision":"sendmanualalert-00004-yip","maxInstanceRequestConcurrency":80,"availableCpu":"1"},"state":"ACTIVE","labels":{"deployment-tool":"cloudfunctions","firebase-functions-hash":"3161b62d6e043105a6edf2587bc85ee6e74b8c04"},"environment":"GEN_2","url":"https://me-west1-safezone-cd4b5.cloudfunctions.net/sendManualAlert","satisfiesPzs":true,"satisfiesPzi":true},"stages":[{"name":"BUILD","message":"Reusing build","state":"COMPLETE","resource":"projects/78949340231/locations/me-west1/builds/c9367e7d-511e-4992-a37f-2853db369261","stateMessages":[{"severity":"WARNING","type":"BuildAnalysisWarning","message":"Node.js 20 is no longer supported by the Node.js community as of 30 April, 2026. Node.js 20 will be deprecated on 2026-04-30. We recommend you to upgrade to the latest version of Node.js as soon as possible."}]},{"name":"SERVICE","message":"Updating Cloud Run service","state":"IN_PROGRESS","resource":"projects/safezone-cd4b5/locations/me-west1/services/sendmanualalert","resourceUri":"https://console.cloud.google.com/run/detail/me-west1/sendmanualalert?project=safezone-cd4b5","stateMessages":[{"severity":"INFO","type":"CloudRunServiceNewRevisionTrafficInfo","message":"A new revision will be deployed serving with 100% traffic."}]}],"sourceToken":"ClNwcm9qZWN0cy83ODk0OTM0MDIzMS9sb2NhdGlvbnMvbWUtd2VzdDEvYnVpbGRzL2M5MzY3ZTdkLTUxMWUtNDk5Mi1hMzdmLTI4NTNkYjM2OTI2MRJsbWUtd2VzdDEtZG9ja2VyLnBrZy5kZXYvc2FmZXpvbmUtY2Q0YjUvZ2NmLWFydGlmYWN0cy9zYWZlem9uZS0tY2Q0YjVfX21lLS13ZXN0MV9fb25fYWxlcnRfZGV0ZWN0ZWQ6dmVyc2lvbl8xGMeo/Y2mAiJEcHJvamVjdHMvc2FmZXpvbmUtY2Q0YjUvbG9jYXRpb25zL21lLXdlc3QxL2Z1bmN0aW9ucy9vbkFsZXJ0RGV0ZWN0ZWQqDAiV5+TNBhDY4O6nATIIbm9kZWpzMjA6cwojZ2NyLmlvL2dhZS1ydW50aW1lcy9ub2RlanMyMDpzdGFibGUSTG1lLXdlc3QxLWRvY2tlci5wa2cuZGV2L3NlcnZlcmxlc3MtcnVudGltZXMvZ29vZ2xlLTIyLWZ1bGwvcnVudGltZXMvbm9kZWpzMjBAAQ==","operationType":"UPDATE_FUNCTION","buildName":"projects/78949340231/locations/me-west1/builds/c9367e7d-511e-4992-a37f-2853db369261"},"done":false}
[debug] [2026-03-17T10:57:32.754Z] Got source token ClNwcm9qZWN0cy83ODk0OTM0MDIzMS9sb2NhdGlvbnMvbWUtd2VzdDEvYnVpbGRzL2M5MzY3ZTdkLTUxMWUtNDk5Mi1hMzdmLTI4NTNkYjM2OTI2MRJsbWUtd2VzdDEtZG9ja2VyLnBrZy5kZXYvc2FmZXpvbmUtY2Q0YjUvZ2NmLWFydGlmYWN0cy9zYWZlem9uZS0tY2Q0YjVfX21lLS13ZXN0MV9fb25fYWxlcnRfZGV0ZWN0ZWQ6dmVyc2lvbl8xGMeo/Y2mAiJEcHJvamVjdHMvc2FmZXpvbmUtY2Q0YjUvbG9jYXRpb25zL21lLXdlc3QxL2Z1bmN0aW9ucy9vbkFsZXJ0RGV0ZWN0ZWQqDAiV5+TNBhDY4O6nATIIbm9kZWpzMjA6cwojZ2NyLmlvL2dhZS1ydW50aW1lcy9ub2RlanMyMDpzdGFibGUSTG1lLXdlc3QxLWRvY2tlci5wa2cuZGV2L3NlcnZlcmxlc3MtcnVudGltZXMvZ29vZ2xlLTIyLWZ1bGwvcnVudGltZXMvbm9kZWpzMjBAAQ== for region me-west1
[debug] [2026-03-17T10:57:32.817Z] <<< [apiv2][status] GET https://cloudfunctions.googleapis.com/v2/projects/safezone-cd4b5/locations/me-west1/operations/operation-1773745048963-64d363390c9d4-197da110-94afb185 200
[debug] [2026-03-17T10:57:32.818Z] <<< [apiv2][body] GET https://cloudfunctions.googleapis.com/v2/projects/safezone-cd4b5/locations/me-west1/operations/operation-1773745048963-64d363390c9d4-197da110-94afb185 {"name":"projects/safezone-cd4b5/locations/me-west1/operations/operation-1773745048963-64d363390c9d4-197da110-94afb185","metadata":{"@type":"type.googleapis.com/google.cloud.functions.v2.OperationMetadata","createTime":"2026-03-17T10:57:29.883942822Z","target":"projects/safezone-cd4b5/locations/me-west1/functions/getAlertProxy","verb":"update","cancelRequested":false,"apiVersion":"v2","requestResource":{"@type":"type.googleapis.com/google.cloud.functions.v2.Function","name":"projects/safezone-cd4b5/locations/me-west1/functions/getAlertProxy","buildConfig":{"runtime":"nodejs20","entryPoint":"getAlertProxy","source":{"storageSource":{"bucket":"gcf-v2-sources-78949340231-me-west1","object":"getAlertProxy/function-source.zip","generation":"1773745049836862"}},"environmentVariables":{"GOOGLE_NODE_RUN_SCRIPTS":""},"dockerRepository":"projects/safezone-cd4b5/locations/me-west1/repositories/gcf-artifacts","sourceProvenance":{"resolvedStorageSource":{"bucket":"gcf-v2-sources-78949340231-me-west1","object":"getAlertProxy/function-source.zip","generation":"1773736530092335"}},"dockerRegistry":"ARTIFACT_REGISTRY","sourceToken":"ClNwcm9qZWN0cy83ODk0OTM0MDIzMS9sb2NhdGlvbnMvbWUtd2VzdDEvYnVpbGRzL2M5MzY3ZTdkLTUxMWUtNDk5Mi1hMzdmLTI4NTNkYjM2OTI2MRJsbWUtd2VzdDEtZG9ja2VyLnBrZy5kZXYvc2FmZXpvbmUtY2Q0YjUvZ2NmLWFydGlmYWN0cy9zYWZlem9uZS0tY2Q0YjVfX21lLS13ZXN0MV9fb25fYWxlcnRfZGV0ZWN0ZWQ6dmVyc2lvbl8xGMeo/Y2mAiJEcHJvamVjdHMvc2FmZXpvbmUtY2Q0YjUvbG9jYXRpb25zL21lLXdlc3QxL2Z1bmN0aW9ucy9vbkFsZXJ0RGV0ZWN0ZWQqDAiV5+TNBhDY4O6nATIIbm9kZWpzMjA6cwojZ2NyLmlvL2dhZS1ydW50aW1lcy9ub2RlanMyMDpzdGFibGUSTG1lLXdlc3QxLWRvY2tlci5wa2cuZGV2L3NlcnZlcmxlc3MtcnVudGltZXMvZ29vZ2xlLTIyLWZ1bGwvcnVudGltZXMvbm9kZWpzMjBAAQ==","serviceAccount":"projects/safezone-cd4b5/serviceAccounts/78949340231-compute@developer.gserviceaccount.com","automaticUpdatePolicy":{}},"serviceConfig":{"service":"projects/safezone-cd4b5/locations/me-west1/services/getalertproxy","timeoutSeconds":60,"environmentVariables":{"FIREBASE_CONFIG":"{\"projectId\":\"safezone-cd4b5\",\"databaseURL\":\"https://safezone-cd4b5-default-rtdb.europe-west1.firebasedatabase.app\",\"storageBucket\":\"safezone-cd4b5.firebasestorage.app\"}","GCLOUD_PROJECT":"safezone-cd4b5","EVENTARC_CLOUD_EVENT_SOURCE":"projects/safezone-cd4b5/locations/me-west1/services/getAlertProxy","FUNCTION_TARGET":"getAlertProxy","LOG_EXECUTION_ID":"true","FUNCTION_SIGNATURE_TYPE":"http"},"ingressSettings":"ALLOW_ALL","uri":"https://getalertproxy-2espohqsdq-zf.a.run.app","serviceAccountEmail":"78949340231-compute@developer.gserviceaccount.com","availableMemory":"256Mi","allTrafficOnLatestRevision":true,"revision":"getalertproxy-00004-wol","maxInstanceRequestConcurrency":80,"availableCpu":"1"},"state":"ACTIVE","labels":{"deployment-tool":"cli-firebase","firebase-functions-hash":"3161b62d6e043105a6edf2587bc85ee6e74b8c04"},"environment":"GEN_2","url":"https://me-west1-safezone-cd4b5.cloudfunctions.net/getAlertProxy","satisfiesPzs":true,"satisfiesPzi":true},"stages":[{"name":"BUILD","message":"Reusing build","state":"COMPLETE","resource":"projects/78949340231/locations/me-west1/builds/c9367e7d-511e-4992-a37f-2853db369261","stateMessages":[{"severity":"WARNING","type":"BuildAnalysisWarning","message":"Node.js 20 is no longer supported by the Node.js community as of 30 April, 2026. Node.js 20 will be deprecated on 2026-04-30. We recommend you to upgrade to the latest version of Node.js as soon as possible."}]},{"name":"SERVICE","message":"Updating Cloud Run service","state":"IN_PROGRESS","resource":"projects/safezone-cd4b5/locations/me-west1/services/getalertproxy","resourceUri":"https://console.cloud.google.com/run/detail/me-west1/getalertproxy?project=safezone-cd4b5","stateMessages":[{"severity":"INFO","type":"CloudRunServiceNewRevisionTrafficInfo","message":"A new revision will be deployed serving with 100% traffic."}]}],"sourceToken":"ClNwcm9qZWN0cy83ODk0OTM0MDIzMS9sb2NhdGlvbnMvbWUtd2VzdDEvYnVpbGRzL2M5MzY3ZTdkLTUxMWUtNDk5Mi1hMzdmLTI4NTNkYjM2OTI2MRJsbWUtd2VzdDEtZG9ja2VyLnBrZy5kZXYvc2FmZXpvbmUtY2Q0YjUvZ2NmLWFydGlmYWN0cy9zYWZlem9uZS0tY2Q0YjVfX21lLS13ZXN0MV9fb25fYWxlcnRfZGV0ZWN0ZWQ6dmVyc2lvbl8xGMeo/Y2mAiJEcHJvamVjdHMvc2FmZXpvbmUtY2Q0YjUvbG9jYXRpb25zL21lLXdlc3QxL2Z1bmN0aW9ucy9vbkFsZXJ0RGV0ZWN0ZWQqDAiV5+TNBhDY4O6nATIIbm9kZWpzMjA6cwojZ2NyLmlvL2dhZS1ydW50aW1lcy9ub2RlanMyMDpzdGFibGUSTG1lLXdlc3QxLWRvY2tlci5wa2cuZGV2L3NlcnZlcmxlc3MtcnVudGltZXMvZ29vZ2xlLTIyLWZ1bGwvcnVudGltZXMvbm9kZWpzMjBAAQ==","operationType":"UPDATE_FUNCTION","buildName":"projects/78949340231/locations/me-west1/builds/c9367e7d-511e-4992-a37f-2853db369261"},"done":false}
[debug] [2026-03-17T10:57:32.818Z] Got source token ClNwcm9qZWN0cy83ODk0OTM0MDIzMS9sb2NhdGlvbnMvbWUtd2VzdDEvYnVpbGRzL2M5MzY3ZTdkLTUxMWUtNDk5Mi1hMzdmLTI4NTNkYjM2OTI2MRJsbWUtd2VzdDEtZG9ja2VyLnBrZy5kZXYvc2FmZXpvbmUtY2Q0YjUvZ2NmLWFydGlmYWN0cy9zYWZlem9uZS0tY2Q0YjVfX21lLS13ZXN0MV9fb25fYWxlcnRfZGV0ZWN0ZWQ6dmVyc2lvbl8xGMeo/Y2mAiJEcHJvamVjdHMvc2FmZXpvbmUtY2Q0YjUvbG9jYXRpb25zL21lLXdlc3QxL2Z1bmN0aW9ucy9vbkFsZXJ0RGV0ZWN0ZWQqDAiV5+TNBhDY4O6nATIIbm9kZWpzMjA6cwojZ2NyLmlvL2dhZS1ydW50aW1lcy9ub2RlanMyMDpzdGFibGUSTG1lLXdlc3QxLWRvY2tlci5wa2cuZGV2L3NlcnZlcmxlc3MtcnVudGltZXMvZ29vZ2xlLTIyLWZ1bGwvcnVudGltZXMvbm9kZWpzMjBAAQ== for region me-west1
[debug] [2026-03-17T10:57:34.684Z] [update-default-me-west1-testOrefAccess] Retrying task index 0
[debug] [2026-03-17T10:57:34.685Z] Checked if tokens are valid: true, expires at: 1773748587252
[debug] [2026-03-17T10:57:34.685Z] Checked if tokens are valid: true, expires at: 1773748587252
[debug] [2026-03-17T10:57:34.685Z] >>> [apiv2][query] GET https://cloudfunctions.googleapis.com/v2/projects/safezone-cd4b5/locations/me-west1/operations/operation-1773745049150-64d363393a275-9daab7e2-f932a7b6 [none]
[debug] [2026-03-17T10:57:34.762Z] [update-default-me-west1-sendManualAlert] Retrying task index 0
[debug] [2026-03-17T10:57:34.762Z] Checked if tokens are valid: true, expires at: 1773748587252
[debug] [2026-03-17T10:57:34.763Z] Checked if tokens are valid: true, expires at: 1773748587252
[debug] [2026-03-17T10:57:34.763Z] >>> [apiv2][query] GET https://cloudfunctions.googleapis.com/v2/projects/safezone-cd4b5/locations/me-west1/operations/operation-1773745049149-64d3633939fbc-d7246abe-20b04563 [none]
[debug] [2026-03-17T10:57:34.824Z] [update-default-me-west1-getAlertProxy] Retrying task index 0
[debug] [2026-03-17T10:57:34.824Z] Checked if tokens are valid: true, expires at: 1773748587252
[debug] [2026-03-17T10:57:34.824Z] Checked if tokens are valid: true, expires at: 1773748587252
[debug] [2026-03-17T10:57:34.824Z] >>> [apiv2][query] GET https://cloudfunctions.googleapis.com/v2/projects/safezone-cd4b5/locations/me-west1/operations/operation-1773745048963-64d363390c9d4-197da110-94afb185 [none]
[debug] [2026-03-17T10:57:35.092Z] <<< [apiv2][status] GET https://cloudfunctions.googleapis.com/v2/projects/safezone-cd4b5/locations/me-west1/operations/operation-1773745049150-64d363393a275-9daab7e2-f932a7b6 200
[debug] [2026-03-17T10:57:35.092Z] <<< [apiv2][body] GET https://cloudfunctions.googleapis.com/v2/projects/safezone-cd4b5/locations/me-west1/operations/operation-1773745049150-64d363393a275-9daab7e2-f932a7b6 {"name":"projects/safezone-cd4b5/locations/me-west1/operations/operation-1773745049150-64d363393a275-9daab7e2-f932a7b6","metadata":{"@type":"type.googleapis.com/google.cloud.functions.v2.OperationMetadata","createTime":"2026-03-17T10:57:30.088242641Z","target":"projects/safezone-cd4b5/locations/me-west1/functions/testOrefAccess","verb":"update","cancelRequested":false,"apiVersion":"v2","requestResource":{"@type":"type.googleapis.com/google.cloud.functions.v2.Function","name":"projects/safezone-cd4b5/locations/me-west1/functions/testOrefAccess","buildConfig":{"runtime":"nodejs20","entryPoint":"testOrefAccess","source":{"storageSource":{"bucket":"gcf-v2-sources-78949340231-me-west1","object":"testOrefAccess/function-source.zip","generation":"1773745050044482"}},"environmentVariables":{"GOOGLE_NODE_RUN_SCRIPTS":""},"dockerRepository":"projects/safezone-cd4b5/locations/me-west1/repositories/gcf-artifacts","sourceProvenance":{"resolvedStorageSource":{"bucket":"gcf-v2-sources-78949340231-me-west1","object":"testOrefAccess/function-source.zip","generation":"1773736530217389"}},"dockerRegistry":"ARTIFACT_REGISTRY","sourceToken":"ClNwcm9qZWN0cy83ODk0OTM0MDIzMS9sb2NhdGlvbnMvbWUtd2VzdDEvYnVpbGRzL2M5MzY3ZTdkLTUxMWUtNDk5Mi1hMzdmLTI4NTNkYjM2OTI2MRJsbWUtd2VzdDEtZG9ja2VyLnBrZy5kZXYvc2FmZXpvbmUtY2Q0YjUvZ2NmLWFydGlmYWN0cy9zYWZlem9uZS0tY2Q0YjVfX21lLS13ZXN0MV9fb25fYWxlcnRfZGV0ZWN0ZWQ6dmVyc2lvbl8xGMeo/Y2mAiJEcHJvamVjdHMvc2FmZXpvbmUtY2Q0YjUvbG9jYXRpb25zL21lLXdlc3QxL2Z1bmN0aW9ucy9vbkFsZXJ0RGV0ZWN0ZWQqDAiV5+TNBhDY4O6nATIIbm9kZWpzMjA6cwojZ2NyLmlvL2dhZS1ydW50aW1lcy9ub2RlanMyMDpzdGFibGUSTG1lLXdlc3QxLWRvY2tlci5wa2cuZGV2L3NlcnZlcmxlc3MtcnVudGltZXMvZ29vZ2xlLTIyLWZ1bGwvcnVudGltZXMvbm9kZWpzMjBAAQ==","serviceAccount":"projects/safezone-cd4b5/serviceAccounts/78949340231-compute@developer.gserviceaccount.com","automaticUpdatePolicy":{}},"serviceConfig":{"service":"projects/safezone-cd4b5/locations/me-west1/services/testorefaccess","timeoutSeconds":60,"environmentVariables":{"FIREBASE_CONFIG":"{\"projectId\":\"safezone-cd4b5\",\"databaseURL\":\"https://safezone-cd4b5-default-rtdb.europe-west1.firebasedatabase.app\",\"storageBucket\":\"safezone-cd4b5.firebasestorage.app\"}","GCLOUD_PROJECT":"safezone-cd4b5","EVENTARC_CLOUD_EVENT_SOURCE":"projects/safezone-cd4b5/locations/me-west1/services/testOrefAccess","FUNCTION_TARGET":"testOrefAccess","LOG_EXECUTION_ID":"true","FUNCTION_SIGNATURE_TYPE":"http"},"ingressSettings":"ALLOW_ALL","uri":"https://testorefaccess-2espohqsdq-zf.a.run.app","serviceAccountEmail":"78949340231-compute@developer.gserviceaccount.com","availableMemory":"256Mi","allTrafficOnLatestRevision":true,"revision":"testorefaccess-00004-nav","maxInstanceRequestConcurrency":80,"availableCpu":"1"},"state":"ACTIVE","labels":{"deployment-tool":"cli-firebase","firebase-functions-hash":"3161b62d6e043105a6edf2587bc85ee6e74b8c04"},"environment":"GEN_2","url":"https://me-west1-safezone-cd4b5.cloudfunctions.net/testOrefAccess","satisfiesPzs":true,"satisfiesPzi":true},"stages":[{"name":"BUILD","message":"Reusing build","state":"COMPLETE","resource":"projects/78949340231/locations/me-west1/builds/c9367e7d-511e-4992-a37f-2853db369261","stateMessages":[{"severity":"WARNING","type":"BuildAnalysisWarning","message":"Node.js 20 is no longer supported by the Node.js community as of 30 April, 2026. Node.js 20 will be deprecated on 2026-04-30. We recommend you to upgrade to the latest version of Node.js as soon as possible."}]},{"name":"SERVICE","message":"Updating Cloud Run service","state":"IN_PROGRESS","resource":"projects/safezone-cd4b5/locations/me-west1/services/testorefaccess","resourceUri":"https://console.cloud.google.com/run/detail/me-west1/testorefaccess?project=safezone-cd4b5","stateMessages":[{"severity":"INFO","type":"CloudRunServiceNewRevisionTrafficInfo","message":"A new revision will be deployed serving with 100% traffic."}]}],"sourceToken":"ClNwcm9qZWN0cy83ODk0OTM0MDIzMS9sb2NhdGlvbnMvbWUtd2VzdDEvYnVpbGRzL2M5MzY3ZTdkLTUxMWUtNDk5Mi1hMzdmLTI4NTNkYjM2OTI2MRJsbWUtd2VzdDEtZG9ja2VyLnBrZy5kZXYvc2FmZXpvbmUtY2Q0YjUvZ2NmLWFydGlmYWN0cy9zYWZlem9uZS0tY2Q0YjVfX21lLS13ZXN0MV9fb25fYWxlcnRfZGV0ZWN0ZWQ6dmVyc2lvbl8xGMeo/Y2mAiJEcHJvamVjdHMvc2FmZXpvbmUtY2Q0YjUvbG9jYXRpb25zL21lLXdlc3QxL2Z1bmN0aW9ucy9vbkFsZXJ0RGV0ZWN0ZWQqDAiV5+TNBhDY4O6nATIIbm9kZWpzMjA6cwojZ2NyLmlvL2dhZS1ydW50aW1lcy9ub2RlanMyMDpzdGFibGUSTG1lLXdlc3QxLWRvY2tlci5wa2cuZGV2L3NlcnZlcmxlc3MtcnVudGltZXMvZ29vZ2xlLTIyLWZ1bGwvcnVudGltZXMvbm9kZWpzMjBAAQ==","operationType":"UPDATE_FUNCTION","buildName":"projects/78949340231/locations/me-west1/builds/c9367e7d-511e-4992-a37f-2853db369261"},"done":false}
[debug] [2026-03-17T10:57:35.092Z] Got source token ClNwcm9qZWN0cy83ODk0OTM0MDIzMS9sb2NhdGlvbnMvbWUtd2VzdDEvYnVpbGRzL2M5MzY3ZTdkLTUxMWUtNDk5Mi1hMzdmLTI4NTNkYjM2OTI2MRJsbWUtd2VzdDEtZG9ja2VyLnBrZy5kZXYvc2FmZXpvbmUtY2Q0YjUvZ2NmLWFydGlmYWN0cy9zYWZlem9uZS0tY2Q0YjVfX21lLS13ZXN0MV9fb25fYWxlcnRfZGV0ZWN0ZWQ6dmVyc2lvbl8xGMeo/Y2mAiJEcHJvamVjdHMvc2FmZXpvbmUtY2Q0YjUvbG9jYXRpb25zL21lLXdlc3QxL2Z1bmN0aW9ucy9vbkFsZXJ0RGV0ZWN0ZWQqDAiV5+TNBhDY4O6nATIIbm9kZWpzMjA6cwojZ2NyLmlvL2dhZS1ydW50aW1lcy9ub2RlanMyMDpzdGFibGUSTG1lLXdlc3QxLWRvY2tlci5wa2cuZGV2L3NlcnZlcmxlc3MtcnVudGltZXMvZ29vZ2xlLTIyLWZ1bGwvcnVudGltZXMvbm9kZWpzMjBAAQ== for region me-west1
[debug] [2026-03-17T10:57:35.159Z] <<< [apiv2][status] GET https://cloudfunctions.googleapis.com/v2/projects/safezone-cd4b5/locations/me-west1/operations/operation-1773745049149-64d3633939fbc-d7246abe-20b04563 200
[debug] [2026-03-17T10:57:35.159Z] <<< [apiv2][body] GET https://cloudfunctions.googleapis.com/v2/projects/safezone-cd4b5/locations/me-west1/operations/operation-1773745049149-64d3633939fbc-d7246abe-20b04563 {"name":"projects/safezone-cd4b5/locations/me-west1/operations/operation-1773745049149-64d3633939fbc-d7246abe-20b04563","metadata":{"@type":"type.googleapis.com/google.cloud.functions.v2.OperationMetadata","createTime":"2026-03-17T10:57:29.908877868Z","target":"projects/safezone-cd4b5/locations/me-west1/functions/sendManualAlert","verb":"update","cancelRequested":false,"apiVersion":"v2","requestResource":{"@type":"type.googleapis.com/google.cloud.functions.v2.Function","name":"projects/safezone-cd4b5/locations/me-west1/functions/sendManualAlert","buildConfig":{"runtime":"nodejs20","entryPoint":"sendManualAlert","source":{"storageSource":{"bucket":"gcf-v2-sources-78949340231-me-west1","object":"sendManualAlert/function-source.zip","generation":"1773745049874157"}},"environmentVariables":{"GOOGLE_NODE_RUN_SCRIPTS":""},"dockerRepository":"projects/safezone-cd4b5/locations/me-west1/repositories/gcf-artifacts","sourceProvenance":{"resolvedStorageSource":{"bucket":"gcf-v2-sources-78949340231-me-west1","object":"sendManualAlert/function-source.zip","generation":"1773736530215611"}},"dockerRegistry":"ARTIFACT_REGISTRY","sourceToken":"ClNwcm9qZWN0cy83ODk0OTM0MDIzMS9sb2NhdGlvbnMvbWUtd2VzdDEvYnVpbGRzL2M5MzY3ZTdkLTUxMWUtNDk5Mi1hMzdmLTI4NTNkYjM2OTI2MRJsbWUtd2VzdDEtZG9ja2VyLnBrZy5kZXYvc2FmZXpvbmUtY2Q0YjUvZ2NmLWFydGlmYWN0cy9zYWZlem9uZS0tY2Q0YjVfX21lLS13ZXN0MV9fb25fYWxlcnRfZGV0ZWN0ZWQ6dmVyc2lvbl8xGMeo/Y2mAiJEcHJvamVjdHMvc2FmZXpvbmUtY2Q0YjUvbG9jYXRpb25zL21lLXdlc3QxL2Z1bmN0aW9ucy9vbkFsZXJ0RGV0ZWN0ZWQqDAiV5+TNBhDY4O6nATIIbm9kZWpzMjA6cwojZ2NyLmlvL2dhZS1ydW50aW1lcy9ub2RlanMyMDpzdGFibGUSTG1lLXdlc3QxLWRvY2tlci5wa2cuZGV2L3NlcnZlcmxlc3MtcnVudGltZXMvZ29vZ2xlLTIyLWZ1bGwvcnVudGltZXMvbm9kZWpzMjBAAQ==","serviceAccount":"projects/safezone-cd4b5/serviceAccounts/78949340231-compute@developer.gserviceaccount.com","automaticUpdatePolicy":{}},"serviceConfig":{"service":"projects/safezone-cd4b5/locations/me-west1/services/sendmanualalert","timeoutSeconds":60,"environmentVariables":{"FIREBASE_CONFIG":"{\"projectId\":\"safezone-cd4b5\",\"databaseURL\":\"https://safezone-cd4b5-default-rtdb.europe-west1.firebasedatabase.app\",\"storageBucket\":\"safezone-cd4b5.firebasestorage.app\"}","GCLOUD_PROJECT":"safezone-cd4b5","EVENTARC_CLOUD_EVENT_SOURCE":"projects/safezone-cd4b5/locations/me-west1/services/sendManualAlert","FUNCTION_TARGET":"sendManualAlert","LOG_EXECUTION_ID":"true","FUNCTION_SIGNATURE_TYPE":"http"},"ingressSettings":"ALLOW_ALL","uri":"https://sendmanualalert-2espohqsdq-zf.a.run.app","serviceAccountEmail":"78949340231-compute@developer.gserviceaccount.com","availableMemory":"256Mi","allTrafficOnLatestRevision":true,"revision":"sendmanualalert-00004-yip","maxInstanceRequestConcurrency":80,"availableCpu":"1"},"state":"ACTIVE","labels":{"deployment-tool":"cloudfunctions","firebase-functions-hash":"3161b62d6e043105a6edf2587bc85ee6e74b8c04"},"environment":"GEN_2","url":"https://me-west1-safezone-cd4b5.cloudfunctions.net/sendManualAlert","satisfiesPzs":true,"satisfiesPzi":true},"stages":[{"name":"BUILD","message":"Reusing build","state":"COMPLETE","resource":"projects/78949340231/locations/me-west1/builds/c9367e7d-511e-4992-a37f-2853db369261","stateMessages":[{"severity":"WARNING","type":"BuildAnalysisWarning","message":"Node.js 20 is no longer supported by the Node.js community as of 30 April, 2026. Node.js 20 will be deprecated on 2026-04-30. We recommend you to upgrade to the latest version of Node.js as soon as possible."}]},{"name":"SERVICE","message":"Updating Cloud Run service","state":"IN_PROGRESS","resource":"projects/safezone-cd4b5/locations/me-west1/services/sendmanualalert","resourceUri":"https://console.cloud.google.com/run/detail/me-west1/sendmanualalert?project=safezone-cd4b5","stateMessages":[{"severity":"INFO","type":"CloudRunServiceNewRevisionTrafficInfo","message":"A new revision will be deployed serving with 100% traffic."}]}],"sourceToken":"ClNwcm9qZWN0cy83ODk0OTM0MDIzMS9sb2NhdGlvbnMvbWUtd2VzdDEvYnVpbGRzL2M5MzY3ZTdkLTUxMWUtNDk5Mi1hMzdmLTI4NTNkYjM2OTI2MRJsbWUtd2VzdDEtZG9ja2VyLnBrZy5kZXYvc2FmZXpvbmUtY2Q0YjUvZ2NmLWFydGlmYWN0cy9zYWZlem9uZS0tY2Q0YjVfX21lLS13ZXN0MV9fb25fYWxlcnRfZGV0ZWN0ZWQ6dmVyc2lvbl8xGMeo/Y2mAiJEcHJvamVjdHMvc2FmZXpvbmUtY2Q0YjUvbG9jYXRpb25zL21lLXdlc3QxL2Z1bmN0aW9ucy9vbkFsZXJ0RGV0ZWN0ZWQqDAiV5+TNBhDY4O6nATIIbm9kZWpzMjA6cwojZ2NyLmlvL2dhZS1ydW50aW1lcy9ub2RlanMyMDpzdGFibGUSTG1lLXdlc3QxLWRvY2tlci5wa2cuZGV2L3NlcnZlcmxlc3MtcnVudGltZXMvZ29vZ2xlLTIyLWZ1bGwvcnVudGltZXMvbm9kZWpzMjBAAQ==","operationType":"UPDATE_FUNCTION","buildName":"projects/78949340231/locations/me-west1/builds/c9367e7d-511e-4992-a37f-2853db369261"},"done":false}
[debug] [2026-03-17T10:57:35.159Z] Got source token ClNwcm9qZWN0cy83ODk0OTM0MDIzMS9sb2NhdGlvbnMvbWUtd2VzdDEvYnVpbGRzL2M5MzY3ZTdkLTUxMWUtNDk5Mi1hMzdmLTI4NTNkYjM2OTI2MRJsbWUtd2VzdDEtZG9ja2VyLnBrZy5kZXYvc2FmZXpvbmUtY2Q0YjUvZ2NmLWFydGlmYWN0cy9zYWZlem9uZS0tY2Q0YjVfX21lLS13ZXN0MV9fb25fYWxlcnRfZGV0ZWN0ZWQ6dmVyc2lvbl8xGMeo/Y2mAiJEcHJvamVjdHMvc2FmZXpvbmUtY2Q0YjUvbG9jYXRpb25zL21lLXdlc3QxL2Z1bmN0aW9ucy9vbkFsZXJ0RGV0ZWN0ZWQqDAiV5+TNBhDY4O6nATIIbm9kZWpzMjA6cwojZ2NyLmlvL2dhZS1ydW50aW1lcy9ub2RlanMyMDpzdGFibGUSTG1lLXdlc3QxLWRvY2tlci5wa2cuZGV2L3NlcnZlcmxlc3MtcnVudGltZXMvZ29vZ2xlLTIyLWZ1bGwvcnVudGltZXMvbm9kZWpzMjBAAQ== for region me-west1
[debug] [2026-03-17T10:57:35.277Z] <<< [apiv2][status] GET https://cloudfunctions.googleapis.com/v2/projects/safezone-cd4b5/locations/me-west1/operations/operation-1773745048963-64d363390c9d4-197da110-94afb185 200
[debug] [2026-03-17T10:57:35.277Z] <<< [apiv2][body] GET https://cloudfunctions.googleapis.com/v2/projects/safezone-cd4b5/locations/me-west1/operations/operation-1773745048963-64d363390c9d4-197da110-94afb185 {"name":"projects/safezone-cd4b5/locations/me-west1/operations/operation-1773745048963-64d363390c9d4-197da110-94afb185","metadata":{"@type":"type.googleapis.com/google.cloud.functions.v2.OperationMetadata","createTime":"2026-03-17T10:57:29.883942822Z","target":"projects/safezone-cd4b5/locations/me-west1/functions/getAlertProxy","verb":"update","cancelRequested":false,"apiVersion":"v2","requestResource":{"@type":"type.googleapis.com/google.cloud.functions.v2.Function","name":"projects/safezone-cd4b5/locations/me-west1/functions/getAlertProxy","buildConfig":{"runtime":"nodejs20","entryPoint":"getAlertProxy","source":{"storageSource":{"bucket":"gcf-v2-sources-78949340231-me-west1","object":"getAlertProxy/function-source.zip","generation":"1773745049836862"}},"environmentVariables":{"GOOGLE_NODE_RUN_SCRIPTS":""},"dockerRepository":"projects/safezone-cd4b5/locations/me-west1/repositories/gcf-artifacts","sourceProvenance":{"resolvedStorageSource":{"bucket":"gcf-v2-sources-78949340231-me-west1","object":"getAlertProxy/function-source.zip","generation":"1773736530092335"}},"dockerRegistry":"ARTIFACT_REGISTRY","sourceToken":"ClNwcm9qZWN0cy83ODk0OTM0MDIzMS9sb2NhdGlvbnMvbWUtd2VzdDEvYnVpbGRzL2M5MzY3ZTdkLTUxMWUtNDk5Mi1hMzdmLTI4NTNkYjM2OTI2MRJsbWUtd2VzdDEtZG9ja2VyLnBrZy5kZXYvc2FmZXpvbmUtY2Q0YjUvZ2NmLWFydGlmYWN0cy9zYWZlem9uZS0tY2Q0YjVfX21lLS13ZXN0MV9fb25fYWxlcnRfZGV0ZWN0ZWQ6dmVyc2lvbl8xGMeo/Y2mAiJEcHJvamVjdHMvc2FmZXpvbmUtY2Q0YjUvbG9jYXRpb25zL21lLXdlc3QxL2Z1bmN0aW9ucy9vbkFsZXJ0RGV0ZWN0ZWQqDAiV5+TNBhDY4O6nATIIbm9kZWpzMjA6cwojZ2NyLmlvL2dhZS1ydW50aW1lcy9ub2RlanMyMDpzdGFibGUSTG1lLXdlc3QxLWRvY2tlci5wa2cuZGV2L3NlcnZlcmxlc3MtcnVudGltZXMvZ29vZ2xlLTIyLWZ1bGwvcnVudGltZXMvbm9kZWpzMjBAAQ==","serviceAccount":"projects/safezone-cd4b5/serviceAccounts/78949340231-compute@developer.gserviceaccount.com","automaticUpdatePolicy":{}},"serviceConfig":{"service":"projects/safezone-cd4b5/locations/me-west1/services/getalertproxy","timeoutSeconds":60,"environmentVariables":{"FIREBASE_CONFIG":"{\"projectId\":\"safezone-cd4b5\",\"databaseURL\":\"https://safezone-cd4b5-default-rtdb.europe-west1.firebasedatabase.app\",\"storageBucket\":\"safezone-cd4b5.firebasestorage.app\"}","GCLOUD_PROJECT":"safezone-cd4b5","EVENTARC_CLOUD_EVENT_SOURCE":"projects/safezone-cd4b5/locations/me-west1/services/getAlertProxy","FUNCTION_TARGET":"getAlertProxy","LOG_EXECUTION_ID":"true","FUNCTION_SIGNATURE_TYPE":"http"},"ingressSettings":"ALLOW_ALL","uri":"https://getalertproxy-2espohqsdq-zf.a.run.app","serviceAccountEmail":"78949340231-compute@developer.gserviceaccount.com","availableMemory":"256Mi","allTrafficOnLatestRevision":true,"revision":"getalertproxy-00004-wol","maxInstanceRequestConcurrency":80,"availableCpu":"1"},"state":"ACTIVE","labels":{"deployment-tool":"cli-firebase","firebase-functions-hash":"3161b62d6e043105a6edf2587bc85ee6e74b8c04"},"environment":"GEN_2","url":"https://me-west1-safezone-cd4b5.cloudfunctions.net/getAlertProxy","satisfiesPzs":true,"satisfiesPzi":true},"stages":[{"name":"BUILD","message":"Reusing build","state":"COMPLETE","resource":"projects/78949340231/locations/me-west1/builds/c9367e7d-511e-4992-a37f-2853db369261","stateMessages":[{"severity":"WARNING","type":"BuildAnalysisWarning","message":"Node.js 20 is no longer supported by the Node.js community as of 30 April, 2026. Node.js 20 will be deprecated on 2026-04-30. We recommend you to upgrade to the latest version of Node.js as soon as possible."}]},{"name":"SERVICE","message":"Updating Cloud Run service","state":"IN_PROGRESS","resource":"projects/safezone-cd4b5/locations/me-west1/services/getalertproxy","resourceUri":"https://console.cloud.google.com/run/detail/me-west1/getalertproxy?project=safezone-cd4b5","stateMessages":[{"severity":"INFO","type":"CloudRunServiceNewRevisionTrafficInfo","message":"A new revision will be deployed serving with 100% traffic."}]}],"sourceToken":"ClNwcm9qZWN0cy83ODk0OTM0MDIzMS9sb2NhdGlvbnMvbWUtd2VzdDEvYnVpbGRzL2M5MzY3ZTdkLTUxMWUtNDk5Mi1hMzdmLTI4NTNkYjM2OTI2MRJsbWUtd2VzdDEtZG9ja2VyLnBrZy5kZXYvc2FmZXpvbmUtY2Q0YjUvZ2NmLWFydGlmYWN0cy9zYWZlem9uZS0tY2Q0YjVfX21lLS13ZXN0MV9fb25fYWxlcnRfZGV0ZWN0ZWQ6dmVyc2lvbl8xGMeo/Y2mAiJEcHJvamVjdHMvc2FmZXpvbmUtY2Q0YjUvbG9jYXRpb25zL21lLXdlc3QxL2Z1bmN0aW9ucy9vbkFsZXJ0RGV0ZWN0ZWQqDAiV5+TNBhDY4O6nATIIbm9kZWpzMjA6cwojZ2NyLmlvL2dhZS1ydW50aW1lcy9ub2RlanMyMDpzdGFibGUSTG1lLXdlc3QxLWRvY2tlci5wa2cuZGV2L3NlcnZlcmxlc3MtcnVudGltZXMvZ29vZ2xlLTIyLWZ1bGwvcnVudGltZXMvbm9kZWpzMjBAAQ==","operationType":"UPDATE_FUNCTION","buildName":"projects/78949340231/locations/me-west1/builds/c9367e7d-511e-4992-a37f-2853db369261"},"done":false}
[debug] [2026-03-17T10:57:35.277Z] Got source token ClNwcm9qZWN0cy83ODk0OTM0MDIzMS9sb2NhdGlvbnMvbWUtd2VzdDEvYnVpbGRzL2M5MzY3ZTdkLTUxMWUtNDk5Mi1hMzdmLTI4NTNkYjM2OTI2MRJsbWUtd2VzdDEtZG9ja2VyLnBrZy5kZXYvc2FmZXpvbmUtY2Q0YjUvZ2NmLWFydGlmYWN0cy9zYWZlem9uZS0tY2Q0YjVfX21lLS13ZXN0MV9fb25fYWxlcnRfZGV0ZWN0ZWQ6dmVyc2lvbl8xGMeo/Y2mAiJEcHJvamVjdHMvc2FmZXpvbmUtY2Q0YjUvbG9jYXRpb25zL21lLXdlc3QxL2Z1bmN0aW9ucy9vbkFsZXJ0RGV0ZWN0ZWQqDAiV5+TNBhDY4O6nATIIbm9kZWpzMjA6cwojZ2NyLmlvL2dhZS1ydW50aW1lcy9ub2RlanMyMDpzdGFibGUSTG1lLXdlc3QxLWRvY2tlci5wa2cuZGV2L3NlcnZlcmxlc3MtcnVudGltZXMvZ29vZ2xlLTIyLWZ1bGwvcnVudGltZXMvbm9kZWpzMjBAAQ== for region me-west1
[debug] [2026-03-17T10:57:38.615Z] [update-default-me-west1-onAlertDetected] Retrying task index 0
[debug] [2026-03-17T10:57:38.615Z] Checked if tokens are valid: true, expires at: 1773748587252
[debug] [2026-03-17T10:57:38.615Z] Checked if tokens are valid: true, expires at: 1773748587252
[debug] [2026-03-17T10:57:38.615Z] >>> [apiv2][query] GET https://cloudfunctions.googleapis.com/v2/projects/safezone-cd4b5/locations/me-west1/operations/operation-1773745007981-64d36311f7252-6a2cc941-d8d83098 [none]
[debug] [2026-03-17T10:57:39.010Z] <<< [apiv2][status] GET https://cloudfunctions.googleapis.com/v2/projects/safezone-cd4b5/locations/me-west1/operations/operation-1773745007981-64d36311f7252-6a2cc941-d8d83098 200
[debug] [2026-03-17T10:57:39.011Z] <<< [apiv2][body] GET https://cloudfunctions.googleapis.com/v2/projects/safezone-cd4b5/locations/me-west1/operations/operation-1773745007981-64d36311f7252-6a2cc941-d8d83098 {"name":"projects/safezone-cd4b5/locations/me-west1/operations/operation-1773745007981-64d36311f7252-6a2cc941-d8d83098","metadata":{"@type":"type.googleapis.com/google.cloud.functions.v2.OperationMetadata","createTime":"2026-03-17T10:56:49.417338497Z","endTime":"2026-03-17T10:57:36.342673990Z","target":"projects/safezone-cd4b5/locations/me-west1/functions/onAlertDetected","verb":"update","cancelRequested":false,"apiVersion":"v2","requestResource":{"@type":"type.googleapis.com/google.cloud.functions.v2.Function","name":"projects/safezone-cd4b5/locations/me-west1/functions/onAlertDetected","buildConfig":{"runtime":"nodejs20","entryPoint":"onAlertDetected","source":{"storageSource":{"bucket":"gcf-v2-sources-78949340231-me-west1","object":"onAlertDetected/function-source.zip","generation":"1773745009377444"}},"environmentVariables":{"GOOGLE_NODE_RUN_SCRIPTS":""},"dockerRepository":"projects/safezone-cd4b5/locations/me-west1/repositories/gcf-artifacts","sourceProvenance":{"resolvedStorageSource":{"bucket":"gcf-v2-sources-78949340231-me-west1","object":"onAlertDetected/function-source.zip","generation":"1773736489115248"}},"dockerRegistry":"ARTIFACT_REGISTRY","serviceAccount":"projects/safezone-cd4b5/serviceAccounts/78949340231-compute@developer.gserviceaccount.com","automaticUpdatePolicy":{}},"serviceConfig":{"service":"projects/safezone-cd4b5/locations/me-west1/services/onalertdetected","timeoutSeconds":60,"environmentVariables":{"FIREBASE_CONFIG":"{\"projectId\":\"safezone-cd4b5\",\"databaseURL\":\"https://safezone-cd4b5-default-rtdb.europe-west1.firebasedatabase.app\",\"storageBucket\":\"safezone-cd4b5.firebasestorage.app\"}","GCLOUD_PROJECT":"safezone-cd4b5","EVENTARC_CLOUD_EVENT_SOURCE":"projects/safezone-cd4b5/locations/me-west1/services/onAlertDetected","FUNCTION_SIGNATURE_TYPE":"cloudevent","FUNCTION_TARGET":"onAlertDetected","LOG_EXECUTION_ID":"true"},"ingressSettings":"ALLOW_ALL","uri":"https://onalertdetected-2espohqsdq-zf.a.run.app","serviceAccountEmail":"78949340231-compute@developer.gserviceaccount.com","availableMemory":"256Mi","allTrafficOnLatestRevision":true,"revision":"onalertdetected-00004-hup","maxInstanceRequestConcurrency":80,"availableCpu":"1"},"eventTrigger":{"trigger":"projects/safezone-cd4b5/locations/eur3/triggers/onalertdetected-116582","triggerRegion":"eur3","eventType":"google.cloud.firestore.document.v1.written","eventFilters":[{"attribute":"database","value":"(default)"},{"attribute":"namespace","value":"(default)"},{"attribute":"document","value":"_meta/currentAlert"}],"pubsubTopic":"projects/safezone-cd4b5/topics/eventarc-eur3-onalertdetected-116582-539","serviceAccountEmail":"78949340231-compute@developer.gserviceaccount.com","retryPolicy":"RETRY_POLICY_DO_NOT_RETRY"},"state":"ACTIVE","labels":{"deployment-tool":"cli-firebase","firebase-functions-hash":"3161b62d6e043105a6edf2587bc85ee6e74b8c04"},"environment":"GEN_2","url":"https://me-west1-safezone-cd4b5.cloudfunctions.net/onAlertDetected","satisfiesPzs":true,"satisfiesPzi":true},"stages":[{"name":"BUILD","message":"Build finished","state":"COMPLETE","resource":"projects/78949340231/locations/me-west1/builds/c9367e7d-511e-4992-a37f-2853db369261","resourceUri":"https://console.cloud.google.com/cloud-build/builds;region=me-west1/c9367e7d-511e-4992-a37f-2853db369261?project=78949340231"},{"name":"SERVICE","message":"Updating Cloud Run service","state":"COMPLETE","resource":"projects/safezone-cd4b5/locations/me-west1/services/onalertdetected","resourceUri":"https://console.cloud.google.com/run/detail/me-west1/onalertdetected?project=safezone-cd4b5","stateMessages":[{"severity":"INFO","type":"CloudRunServiceNewRevisionTrafficInfo","message":"A new revision will be deployed serving with 100% traffic."}]},{"name":"TRIGGER","state":"NOT_STARTED"}],"sourceToken":"ClNwcm9qZWN0cy83ODk0OTM0MDIzMS9sb2NhdGlvbnMvbWUtd2VzdDEvYnVpbGRzL2M5MzY3ZTdkLTUxMWUtNDk5Mi1hMzdmLTI4NTNkYjM2OTI2MRJsbWUtd2VzdDEtZG9ja2VyLnBrZy5kZXYvc2FmZXpvbmUtY2Q0YjUvZ2NmLWFydGlmYWN0cy9zYWZlem9uZS0tY2Q0YjVfX21lLS13ZXN0MV9fb25fYWxlcnRfZGV0ZWN0ZWQ6dmVyc2lvbl8xGMeo/Y2mAiJEcHJvamVjdHMvc2FmZXpvbmUtY2Q0YjUvbG9jYXRpb25zL21lLXdlc3QxL2Z1bmN0aW9ucy9vbkFsZXJ0RGV0ZWN0ZWQqDAiV5+TNBhDY4O6nATIIbm9kZWpzMjA6cwojZ2NyLmlvL2dhZS1ydW50aW1lcy9ub2RlanMyMDpzdGFibGUSTG1lLXdlc3QxLWRvY2tlci5wa2cuZGV2L3NlcnZlcmxlc3MtcnVudGltZXMvZ29vZ2xlLTIyLWZ1bGwvcnVudGltZXMvbm9kZWpzMjBAAQ==","operationType":"UPDATE_FUNCTION","buildName":"projects/78949340231/locations/me-west1/builds/c9367e7d-511e-4992-a37f-2853db369261"},"done":true,"response":{"@type":"type.googleapis.com/google.cloud.functions.v2.Function","name":"projects/safezone-cd4b5/locations/me-west1/functions/onAlertDetected","buildConfig":{"build":"projects/78949340231/locations/me-west1/builds/c9367e7d-511e-4992-a37f-2853db369261","runtime":"nodejs20","entryPoint":"onAlertDetected","source":{"storageSource":{"bucket":"gcf-v2-sources-78949340231-me-west1","object":"onAlertDetected/function-source.zip","generation":"1773745009377444"}},"environmentVariables":{"GOOGLE_NODE_RUN_SCRIPTS":""},"dockerRepository":"projects/safezone-cd4b5/locations/me-west1/repositories/gcf-artifacts","sourceProvenance":{"resolvedStorageSource":{"bucket":"gcf-v2-sources-78949340231-me-west1","object":"onAlertDetected/function-source.zip","generation":"1773745009377444"}},"dockerRegistry":"ARTIFACT_REGISTRY","serviceAccount":"projects/safezone-cd4b5/serviceAccounts/78949340231-compute@developer.gserviceaccount.com","automaticUpdatePolicy":{}},"serviceConfig":{"service":"projects/safezone-cd4b5/locations/me-west1/services/onalertdetected","timeoutSeconds":60,"environmentVariables":{"FIREBASE_CONFIG":"{\"projectId\":\"safezone-cd4b5\",\"databaseURL\":\"https://safezone-cd4b5-default-rtdb.europe-west1.firebasedatabase.app\",\"storageBucket\":\"safezone-cd4b5.firebasestorage.app\"}","GCLOUD_PROJECT":"safezone-cd4b5","EVENTARC_CLOUD_EVENT_SOURCE":"projects/safezone-cd4b5/locations/me-west1/services/onAlertDetected","FUNCTION_SIGNATURE_TYPE":"cloudevent","FUNCTION_TARGET":"onAlertDetected","LOG_EXECUTION_ID":"true"},"maxInstanceCount":20,"ingressSettings":"ALLOW_ALL","uri":"https://onalertdetected-2espohqsdq-zf.a.run.app","serviceAccountEmail":"78949340231-compute@developer.gserviceaccount.com","availableMemory":"256Mi","allTrafficOnLatestRevision":true,"revision":"onalertdetected-00005-viy","maxInstanceRequestConcurrency":80,"availableCpu":"1"},"eventTrigger":{"trigger":"projects/safezone-cd4b5/locations/eur3/triggers/onalertdetected-116582","triggerRegion":"eur3","eventType":"google.cloud.firestore.document.v1.written","eventFilters":[{"attribute":"database","value":"(default)"},{"attribute":"namespace","value":"(default)"},{"attribute":"document","value":"_meta/currentAlert"}],"pubsubTopic":"projects/safezone-cd4b5/topics/eventarc-eur3-onalertdetected-116582-539","serviceAccountEmail":"78949340231-compute@developer.gserviceaccount.com","retryPolicy":"RETRY_POLICY_DO_NOT_RETRY"},"state":"ACTIVE","updateTime":"2026-03-17T10:56:49.418876226Z","labels":{"deployment-tool":"cli-firebase","firebase-functions-hash":"3161b62d6e043105a6edf2587bc85ee6e74b8c04"},"environment":"GEN_2","url":"https://me-west1-safezone-cd4b5.cloudfunctions.net/onAlertDetected","satisfiesPzs":true,"createTime":"2026-03-16T19:48:02.301512959Z","satisfiesPzi":true}}
[debug] [2026-03-17T10:57:39.011Z] Got source token ClNwcm9qZWN0cy83ODk0OTM0MDIzMS9sb2NhdGlvbnMvbWUtd2VzdDEvYnVpbGRzL2M5MzY3ZTdkLTUxMWUtNDk5Mi1hMzdmLTI4NTNkYjM2OTI2MRJsbWUtd2VzdDEtZG9ja2VyLnBrZy5kZXYvc2FmZXpvbmUtY2Q0YjUvZ2NmLWFydGlmYWN0cy9zYWZlem9uZS0tY2Q0YjVfX21lLS13ZXN0MV9fb25fYWxlcnRfZGV0ZWN0ZWQ6dmVyc2lvbl8xGMeo/Y2mAiJEcHJvamVjdHMvc2FmZXpvbmUtY2Q0YjUvbG9jYXRpb25zL21lLXdlc3QxL2Z1bmN0aW9ucy9vbkFsZXJ0RGV0ZWN0ZWQqDAiV5+TNBhDY4O6nATIIbm9kZWpzMjA6cwojZ2NyLmlvL2dhZS1ydW50aW1lcy9ub2RlanMyMDpzdGFibGUSTG1lLXdlc3QxLWRvY2tlci5wa2cuZGV2L3NlcnZlcmxlc3MtcnVudGltZXMvZ29vZ2xlLTIyLWZ1bGwvcnVudGltZXMvbm9kZWpzMjBAAQ== for region me-west1
[info] +  functions[onAlertDetected(me-west1)] Successful update operation. 
[debug] [2026-03-17T10:57:39.103Z] [update-default-me-west1-testOrefAccess] Retrying task index 0
[debug] [2026-03-17T10:57:39.103Z] Checked if tokens are valid: true, expires at: 1773748587252
[debug] [2026-03-17T10:57:39.103Z] Checked if tokens are valid: true, expires at: 1773748587252
[debug] [2026-03-17T10:57:39.103Z] >>> [apiv2][query] GET https://cloudfunctions.googleapis.com/v2/projects/safezone-cd4b5/locations/me-west1/operations/operation-1773745049150-64d363393a275-9daab7e2-f932a7b6 [none]
[debug] [2026-03-17T10:57:39.166Z] [update-default-me-west1-sendManualAlert] Retrying task index 0
[debug] [2026-03-17T10:57:39.166Z] Checked if tokens are valid: true, expires at: 1773748587252
[debug] [2026-03-17T10:57:39.166Z] Checked if tokens are valid: true, expires at: 1773748587252
[debug] [2026-03-17T10:57:39.166Z] >>> [apiv2][query] GET https://cloudfunctions.googleapis.com/v2/projects/safezone-cd4b5/locations/me-west1/operations/operation-1773745049149-64d3633939fbc-d7246abe-20b04563 [none]
[debug] [2026-03-17T10:57:39.243Z] <<< [apiv2][status] GET https://cloudfunctions.googleapis.com/v2/projects/safezone-cd4b5/locations/me-west1/operations/operation-1773745049150-64d363393a275-9daab7e2-f932a7b6 200
[debug] [2026-03-17T10:57:39.243Z] <<< [apiv2][body] GET https://cloudfunctions.googleapis.com/v2/projects/safezone-cd4b5/locations/me-west1/operations/operation-1773745049150-64d363393a275-9daab7e2-f932a7b6 {"name":"projects/safezone-cd4b5/locations/me-west1/operations/operation-1773745049150-64d363393a275-9daab7e2-f932a7b6","metadata":{"@type":"type.googleapis.com/google.cloud.functions.v2.OperationMetadata","createTime":"2026-03-17T10:57:30.088242641Z","endTime":"2026-03-17T10:57:36.767378309Z","target":"projects/safezone-cd4b5/locations/me-west1/functions/testOrefAccess","verb":"update","cancelRequested":false,"apiVersion":"v2","requestResource":{"@type":"type.googleapis.com/google.cloud.functions.v2.Function","name":"projects/safezone-cd4b5/locations/me-west1/functions/testOrefAccess","buildConfig":{"runtime":"nodejs20","entryPoint":"testOrefAccess","source":{"storageSource":{"bucket":"gcf-v2-sources-78949340231-me-west1","object":"testOrefAccess/function-source.zip","generation":"1773745050044482"}},"environmentVariables":{"GOOGLE_NODE_RUN_SCRIPTS":""},"dockerRepository":"projects/safezone-cd4b5/locations/me-west1/repositories/gcf-artifacts","sourceProvenance":{"resolvedStorageSource":{"bucket":"gcf-v2-sources-78949340231-me-west1","object":"testOrefAccess/function-source.zip","generation":"1773736530217389"}},"dockerRegistry":"ARTIFACT_REGISTRY","sourceToken":"ClNwcm9qZWN0cy83ODk0OTM0MDIzMS9sb2NhdGlvbnMvbWUtd2VzdDEvYnVpbGRzL2M5MzY3ZTdkLTUxMWUtNDk5Mi1hMzdmLTI4NTNkYjM2OTI2MRJsbWUtd2VzdDEtZG9ja2VyLnBrZy5kZXYvc2FmZXpvbmUtY2Q0YjUvZ2NmLWFydGlmYWN0cy9zYWZlem9uZS0tY2Q0YjVfX21lLS13ZXN0MV9fb25fYWxlcnRfZGV0ZWN0ZWQ6dmVyc2lvbl8xGMeo/Y2mAiJEcHJvamVjdHMvc2FmZXpvbmUtY2Q0YjUvbG9jYXRpb25zL21lLXdlc3QxL2Z1bmN0aW9ucy9vbkFsZXJ0RGV0ZWN0ZWQqDAiV5+TNBhDY4O6nATIIbm9kZWpzMjA6cwojZ2NyLmlvL2dhZS1ydW50aW1lcy9ub2RlanMyMDpzdGFibGUSTG1lLXdlc3QxLWRvY2tlci5wa2cuZGV2L3NlcnZlcmxlc3MtcnVudGltZXMvZ29vZ2xlLTIyLWZ1bGwvcnVudGltZXMvbm9kZWpzMjBAAQ==","serviceAccount":"projects/safezone-cd4b5/serviceAccounts/78949340231-compute@developer.gserviceaccount.com","automaticUpdatePolicy":{}},"serviceConfig":{"service":"projects/safezone-cd4b5/locations/me-west1/services/testorefaccess","timeoutSeconds":60,"environmentVariables":{"FIREBASE_CONFIG":"{\"projectId\":\"safezone-cd4b5\",\"databaseURL\":\"https://safezone-cd4b5-default-rtdb.europe-west1.firebasedatabase.app\",\"storageBucket\":\"safezone-cd4b5.firebasestorage.app\"}","GCLOUD_PROJECT":"safezone-cd4b5","EVENTARC_CLOUD_EVENT_SOURCE":"projects/safezone-cd4b5/locations/me-west1/services/testOrefAccess","FUNCTION_TARGET":"testOrefAccess","LOG_EXECUTION_ID":"true","FUNCTION_SIGNATURE_TYPE":"http"},"ingressSettings":"ALLOW_ALL","uri":"https://testorefaccess-2espohqsdq-zf.a.run.app","serviceAccountEmail":"78949340231-compute@developer.gserviceaccount.com","availableMemory":"256Mi","allTrafficOnLatestRevision":true,"revision":"testorefaccess-00004-nav","maxInstanceRequestConcurrency":80,"availableCpu":"1"},"state":"ACTIVE","labels":{"deployment-tool":"cli-firebase","firebase-functions-hash":"3161b62d6e043105a6edf2587bc85ee6e74b8c04"},"environment":"GEN_2","url":"https://me-west1-safezone-cd4b5.cloudfunctions.net/testOrefAccess","satisfiesPzs":true,"satisfiesPzi":true},"stages":[{"name":"BUILD","message":"Reusing build","state":"COMPLETE","resource":"projects/78949340231/locations/me-west1/builds/c9367e7d-511e-4992-a37f-2853db369261","stateMessages":[{"severity":"WARNING","type":"BuildAnalysisWarning","message":"Node.js 20 is no longer supported by the Node.js community as of 30 April, 2026. Node.js 20 will be deprecated on 2026-04-30. We recommend you to upgrade to the latest version of Node.js as soon as possible."}]},{"name":"SERVICE","message":"Updating Cloud Run service","state":"COMPLETE","resource":"projects/safezone-cd4b5/locations/me-west1/services/testorefaccess","resourceUri":"https://console.cloud.google.com/run/detail/me-west1/testorefaccess?project=safezone-cd4b5","stateMessages":[{"severity":"INFO","type":"CloudRunServiceNewRevisionTrafficInfo","message":"A new revision will be deployed serving with 100% traffic."}]}],"sourceToken":"ClNwcm9qZWN0cy83ODk0OTM0MDIzMS9sb2NhdGlvbnMvbWUtd2VzdDEvYnVpbGRzL2M5MzY3ZTdkLTUxMWUtNDk5Mi1hMzdmLTI4NTNkYjM2OTI2MRJsbWUtd2VzdDEtZG9ja2VyLnBrZy5kZXYvc2FmZXpvbmUtY2Q0YjUvZ2NmLWFydGlmYWN0cy9zYWZlem9uZS0tY2Q0YjVfX21lLS13ZXN0MV9fb25fYWxlcnRfZGV0ZWN0ZWQ6dmVyc2lvbl8xGMeo/Y2mAiJEcHJvamVjdHMvc2FmZXpvbmUtY2Q0YjUvbG9jYXRpb25zL21lLXdlc3QxL2Z1bmN0aW9ucy9vbkFsZXJ0RGV0ZWN0ZWQqDAiV5+TNBhDY4O6nATIIbm9kZWpzMjA6cwojZ2NyLmlvL2dhZS1ydW50aW1lcy9ub2RlanMyMDpzdGFibGUSTG1lLXdlc3QxLWRvY2tlci5wa2cuZGV2L3NlcnZlcmxlc3MtcnVudGltZXMvZ29vZ2xlLTIyLWZ1bGwvcnVudGltZXMvbm9kZWpzMjBAAQ==","operationType":"UPDATE_FUNCTION","buildName":"projects/78949340231/locations/me-west1/builds/c9367e7d-511e-4992-a37f-2853db369261"},"done":true,"response":{"@type":"type.googleapis.com/google.cloud.functions.v2.Function","name":"projects/safezone-cd4b5/locations/me-west1/functions/testOrefAccess","buildConfig":{"build":"projects/78949340231/locations/me-west1/builds/c9367e7d-511e-4992-a37f-2853db369261","runtime":"nodejs20","entryPoint":"testOrefAccess","source":{"storageSource":{"bucket":"gcf-v2-sources-78949340231-me-west1","object":"testOrefAccess/function-source.zip","generation":"1773745050044482"}},"environmentVariables":{"GOOGLE_NODE_RUN_SCRIPTS":""},"dockerRepository":"projects/safezone-cd4b5/locations/me-west1/repositories/gcf-artifacts","sourceProvenance":{"resolvedStorageSource":{"bucket":"gcf-v2-sources-78949340231-me-west1","object":"testOrefAccess/function-source.zip","generation":"1773745050044482"}},"dockerRegistry":"ARTIFACT_REGISTRY","serviceAccount":"projects/safezone-cd4b5/serviceAccounts/78949340231-compute@developer.gserviceaccount.com","automaticUpdatePolicy":{}},"serviceConfig":{"service":"projects/safezone-cd4b5/locations/me-west1/services/testorefaccess","timeoutSeconds":60,"environmentVariables":{"FIREBASE_CONFIG":"{\"projectId\":\"safezone-cd4b5\",\"databaseURL\":\"https://safezone-cd4b5-default-rtdb.europe-west1.firebasedatabase.app\",\"storageBucket\":\"safezone-cd4b5.firebasestorage.app\"}","GCLOUD_PROJECT":"safezone-cd4b5","EVENTARC_CLOUD_EVENT_SOURCE":"projects/safezone-cd4b5/locations/me-west1/services/testOrefAccess","FUNCTION_TARGET":"testOrefAccess","LOG_EXECUTION_ID":"true","FUNCTION_SIGNATURE_TYPE":"http"},"maxInstanceCount":20,"ingressSettings":"ALLOW_ALL","uri":"https://testorefaccess-2espohqsdq-zf.a.run.app","serviceAccountEmail":"78949340231-compute@developer.gserviceaccount.com","availableMemory":"256Mi","allTrafficOnLatestRevision":true,"revision":"testorefaccess-00005-zoj","maxInstanceRequestConcurrency":80,"availableCpu":"1"},"state":"ACTIVE","updateTime":"2026-03-17T10:57:30.089767330Z","labels":{"deployment-tool":"cli-firebase","firebase-functions-hash":"3161b62d6e043105a6edf2587bc85ee6e74b8c04"},"environment":"GEN_2","url":"https://me-west1-safezone-cd4b5.cloudfunctions.net/testOrefAccess","satisfiesPzs":true,"createTime":"2026-03-16T19:48:53.256898581Z","satisfiesPzi":true}}
[debug] [2026-03-17T10:57:39.243Z] Got source token ClNwcm9qZWN0cy83ODk0OTM0MDIzMS9sb2NhdGlvbnMvbWUtd2VzdDEvYnVpbGRzL2M5MzY3ZTdkLTUxMWUtNDk5Mi1hMzdmLTI4NTNkYjM2OTI2MRJsbWUtd2VzdDEtZG9ja2VyLnBrZy5kZXYvc2FmZXpvbmUtY2Q0YjUvZ2NmLWFydGlmYWN0cy9zYWZlem9uZS0tY2Q0YjVfX21lLS13ZXN0MV9fb25fYWxlcnRfZGV0ZWN0ZWQ6dmVyc2lvbl8xGMeo/Y2mAiJEcHJvamVjdHMvc2FmZXpvbmUtY2Q0YjUvbG9jYXRpb25zL21lLXdlc3QxL2Z1bmN0aW9ucy9vbkFsZXJ0RGV0ZWN0ZWQqDAiV5+TNBhDY4O6nATIIbm9kZWpzMjA6cwojZ2NyLmlvL2dhZS1ydW50aW1lcy9ub2RlanMyMDpzdGFibGUSTG1lLXdlc3QxLWRvY2tlci5wa2cuZGV2L3NlcnZlcmxlc3MtcnVudGltZXMvZ29vZ2xlLTIyLWZ1bGwvcnVudGltZXMvbm9kZWpzMjBAAQ== for region me-west1
[info] +  functions[testOrefAccess(me-west1)] Successful update operation. 
[debug] [2026-03-17T10:57:39.290Z] [update-default-me-west1-getAlertProxy] Retrying task index 0
[debug] [2026-03-17T10:57:39.291Z] Checked if tokens are valid: true, expires at: 1773748587252
[debug] [2026-03-17T10:57:39.291Z] Checked if tokens are valid: true, expires at: 1773748587252
[debug] [2026-03-17T10:57:39.291Z] >>> [apiv2][query] GET https://cloudfunctions.googleapis.com/v2/projects/safezone-cd4b5/locations/me-west1/operations/operation-1773745048963-64d363390c9d4-197da110-94afb185 [none]
[debug] [2026-03-17T10:57:39.427Z] <<< [apiv2][status] GET https://cloudfunctions.googleapis.com/v2/projects/safezone-cd4b5/locations/me-west1/operations/operation-1773745048963-64d363390c9d4-197da110-94afb185 200
[debug] [2026-03-17T10:57:39.428Z] <<< [apiv2][body] GET https://cloudfunctions.googleapis.com/v2/projects/safezone-cd4b5/locations/me-west1/operations/operation-1773745048963-64d363390c9d4-197da110-94afb185 {"name":"projects/safezone-cd4b5/locations/me-west1/operations/operation-1773745048963-64d363390c9d4-197da110-94afb185","metadata":{"@type":"type.googleapis.com/google.cloud.functions.v2.OperationMetadata","createTime":"2026-03-17T10:57:29.883942822Z","endTime":"2026-03-17T10:57:35.926737264Z","target":"projects/safezone-cd4b5/locations/me-west1/functions/getAlertProxy","verb":"update","cancelRequested":false,"apiVersion":"v2","requestResource":{"@type":"type.googleapis.com/google.cloud.functions.v2.Function","name":"projects/safezone-cd4b5/locations/me-west1/functions/getAlertProxy","buildConfig":{"runtime":"nodejs20","entryPoint":"getAlertProxy","source":{"storageSource":{"bucket":"gcf-v2-sources-78949340231-me-west1","object":"getAlertProxy/function-source.zip","generation":"1773745049836862"}},"environmentVariables":{"GOOGLE_NODE_RUN_SCRIPTS":""},"dockerRepository":"projects/safezone-cd4b5/locations/me-west1/repositories/gcf-artifacts","sourceProvenance":{"resolvedStorageSource":{"bucket":"gcf-v2-sources-78949340231-me-west1","object":"getAlertProxy/function-source.zip","generation":"1773736530092335"}},"dockerRegistry":"ARTIFACT_REGISTRY","sourceToken":"ClNwcm9qZWN0cy83ODk0OTM0MDIzMS9sb2NhdGlvbnMvbWUtd2VzdDEvYnVpbGRzL2M5MzY3ZTdkLTUxMWUtNDk5Mi1hMzdmLTI4NTNkYjM2OTI2MRJsbWUtd2VzdDEtZG9ja2VyLnBrZy5kZXYvc2FmZXpvbmUtY2Q0YjUvZ2NmLWFydGlmYWN0cy9zYWZlem9uZS0tY2Q0YjVfX21lLS13ZXN0MV9fb25fYWxlcnRfZGV0ZWN0ZWQ6dmVyc2lvbl8xGMeo/Y2mAiJEcHJvamVjdHMvc2FmZXpvbmUtY2Q0YjUvbG9jYXRpb25zL21lLXdlc3QxL2Z1bmN0aW9ucy9vbkFsZXJ0RGV0ZWN0ZWQqDAiV5+TNBhDY4O6nATIIbm9kZWpzMjA6cwojZ2NyLmlvL2dhZS1ydW50aW1lcy9ub2RlanMyMDpzdGFibGUSTG1lLXdlc3QxLWRvY2tlci5wa2cuZGV2L3NlcnZlcmxlc3MtcnVudGltZXMvZ29vZ2xlLTIyLWZ1bGwvcnVudGltZXMvbm9kZWpzMjBAAQ==","serviceAccount":"projects/safezone-cd4b5/serviceAccounts/78949340231-compute@developer.gserviceaccount.com","automaticUpdatePolicy":{}},"serviceConfig":{"service":"projects/safezone-cd4b5/locations/me-west1/services/getalertproxy","timeoutSeconds":60,"environmentVariables":{"FIREBASE_CONFIG":"{\"projectId\":\"safezone-cd4b5\",\"databaseURL\":\"https://safezone-cd4b5-default-rtdb.europe-west1.firebasedatabase.app\",\"storageBucket\":\"safezone-cd4b5.firebasestorage.app\"}","GCLOUD_PROJECT":"safezone-cd4b5","EVENTARC_CLOUD_EVENT_SOURCE":"projects/safezone-cd4b5/locations/me-west1/services/getAlertProxy","FUNCTION_TARGET":"getAlertProxy","LOG_EXECUTION_ID":"true","FUNCTION_SIGNATURE_TYPE":"http"},"ingressSettings":"ALLOW_ALL","uri":"https://getalertproxy-2espohqsdq-zf.a.run.app","serviceAccountEmail":"78949340231-compute@developer.gserviceaccount.com","availableMemory":"256Mi","allTrafficOnLatestRevision":true,"revision":"getalertproxy-00004-wol","maxInstanceRequestConcurrency":80,"availableCpu":"1"},"state":"ACTIVE","labels":{"deployment-tool":"cli-firebase","firebase-functions-hash":"3161b62d6e043105a6edf2587bc85ee6e74b8c04"},"environment":"GEN_2","url":"https://me-west1-safezone-cd4b5.cloudfunctions.net/getAlertProxy","satisfiesPzs":true,"satisfiesPzi":true},"stages":[{"name":"BUILD","message":"Reusing build","state":"COMPLETE","resource":"projects/78949340231/locations/me-west1/builds/c9367e7d-511e-4992-a37f-2853db369261","stateMessages":[{"severity":"WARNING","type":"BuildAnalysisWarning","message":"Node.js 20 is no longer supported by the Node.js community as of 30 April, 2026. Node.js 20 will be deprecated on 2026-04-30. We recommend you to upgrade to the latest version of Node.js as soon as possible."}]},{"name":"SERVICE","message":"Updating Cloud Run service","state":"COMPLETE","resource":"projects/safezone-cd4b5/locations/me-west1/services/getalertproxy","resourceUri":"https://console.cloud.google.com/run/detail/me-west1/getalertproxy?project=safezone-cd4b5","stateMessages":[{"severity":"INFO","type":"CloudRunServiceNewRevisionTrafficInfo","message":"A new revision will be deployed serving with 100% traffic."}]}],"sourceToken":"ClNwcm9qZWN0cy83ODk0OTM0MDIzMS9sb2NhdGlvbnMvbWUtd2VzdDEvYnVpbGRzL2M5MzY3ZTdkLTUxMWUtNDk5Mi1hMzdmLTI4NTNkYjM2OTI2MRJsbWUtd2VzdDEtZG9ja2VyLnBrZy5kZXYvc2FmZXpvbmUtY2Q0YjUvZ2NmLWFydGlmYWN0cy9zYWZlem9uZS0tY2Q0YjVfX21lLS13ZXN0MV9fb25fYWxlcnRfZGV0ZWN0ZWQ6dmVyc2lvbl8xGMeo/Y2mAiJEcHJvamVjdHMvc2FmZXpvbmUtY2Q0YjUvbG9jYXRpb25zL21lLXdlc3QxL2Z1bmN0aW9ucy9vbkFsZXJ0RGV0ZWN0ZWQqDAiV5+TNBhDY4O6nATIIbm9kZWpzMjA6cwojZ2NyLmlvL2dhZS1ydW50aW1lcy9ub2RlanMyMDpzdGFibGUSTG1lLXdlc3QxLWRvY2tlci5wa2cuZGV2L3NlcnZlcmxlc3MtcnVudGltZXMvZ29vZ2xlLTIyLWZ1bGwvcnVudGltZXMvbm9kZWpzMjBAAQ==","operationType":"UPDATE_FUNCTION","buildName":"projects/78949340231/locations/me-west1/builds/c9367e7d-511e-4992-a37f-2853db369261"},"done":true,"response":{"@type":"type.googleapis.com/google.cloud.functions.v2.Function","name":"projects/safezone-cd4b5/locations/me-west1/functions/getAlertProxy","buildConfig":{"build":"projects/78949340231/locations/me-west1/builds/c9367e7d-511e-4992-a37f-2853db369261","runtime":"nodejs20","entryPoint":"getAlertProxy","source":{"storageSource":{"bucket":"gcf-v2-sources-78949340231-me-west1","object":"getAlertProxy/function-source.zip","generation":"1773745049836862"}},"environmentVariables":{"GOOGLE_NODE_RUN_SCRIPTS":""},"dockerRepository":"projects/safezone-cd4b5/locations/me-west1/repositories/gcf-artifacts","sourceProvenance":{"resolvedStorageSource":{"bucket":"gcf-v2-sources-78949340231-me-west1","object":"getAlertProxy/function-source.zip","generation":"1773745049836862"}},"dockerRegistry":"ARTIFACT_REGISTRY","serviceAccount":"projects/safezone-cd4b5/serviceAccounts/78949340231-compute@developer.gserviceaccount.com","automaticUpdatePolicy":{}},"serviceConfig":{"service":"projects/safezone-cd4b5/locations/me-west1/services/getalertproxy","timeoutSeconds":60,"environmentVariables":{"FIREBASE_CONFIG":"{\"projectId\":\"safezone-cd4b5\",\"databaseURL\":\"https://safezone-cd4b5-default-rtdb.europe-west1.firebasedatabase.app\",\"storageBucket\":\"safezone-cd4b5.firebasestorage.app\"}","GCLOUD_PROJECT":"safezone-cd4b5","EVENTARC_CLOUD_EVENT_SOURCE":"projects/safezone-cd4b5/locations/me-west1/services/getAlertProxy","FUNCTION_TARGET":"getAlertProxy","LOG_EXECUTION_ID":"true","FUNCTION_SIGNATURE_TYPE":"http"},"maxInstanceCount":20,"ingressSettings":"ALLOW_ALL","uri":"https://getalertproxy-2espohqsdq-zf.a.run.app","serviceAccountEmail":"78949340231-compute@developer.gserviceaccount.com","availableMemory":"256Mi","allTrafficOnLatestRevision":true,"revision":"getalertproxy-00005-vef","maxInstanceRequestConcurrency":80,"availableCpu":"1"},"state":"ACTIVE","updateTime":"2026-03-17T10:57:29.885110762Z","labels":{"firebase-functions-hash":"3161b62d6e043105a6edf2587bc85ee6e74b8c04","deployment-tool":"cli-firebase"},"environment":"GEN_2","url":"https://me-west1-safezone-cd4b5.cloudfunctions.net/getAlertProxy","satisfiesPzs":true,"createTime":"2026-03-16T19:48:53.194435326Z","satisfiesPzi":true}}
[debug] [2026-03-17T10:57:39.428Z] Got source token ClNwcm9qZWN0cy83ODk0OTM0MDIzMS9sb2NhdGlvbnMvbWUtd2VzdDEvYnVpbGRzL2M5MzY3ZTdkLTUxMWUtNDk5Mi1hMzdmLTI4NTNkYjM2OTI2MRJsbWUtd2VzdDEtZG9ja2VyLnBrZy5kZXYvc2FmZXpvbmUtY2Q0YjUvZ2NmLWFydGlmYWN0cy9zYWZlem9uZS0tY2Q0YjVfX21lLS13ZXN0MV9fb25fYWxlcnRfZGV0ZWN0ZWQ6dmVyc2lvbl8xGMeo/Y2mAiJEcHJvamVjdHMvc2FmZXpvbmUtY2Q0YjUvbG9jYXRpb25zL21lLXdlc3QxL2Z1bmN0aW9ucy9vbkFsZXJ0RGV0ZWN0ZWQqDAiV5+TNBhDY4O6nATIIbm9kZWpzMjA6cwojZ2NyLmlvL2dhZS1ydW50aW1lcy9ub2RlanMyMDpzdGFibGUSTG1lLXdlc3QxLWRvY2tlci5wa2cuZGV2L3NlcnZlcmxlc3MtcnVudGltZXMvZ29vZ2xlLTIyLWZ1bGwvcnVudGltZXMvbm9kZWpzMjBAAQ== for region me-west1
[info] +  functions[getAlertProxy(me-west1)] Successful update operation. 
[debug] [2026-03-17T10:57:39.565Z] <<< [apiv2][status] GET https://cloudfunctions.googleapis.com/v2/projects/safezone-cd4b5/locations/me-west1/operations/operation-1773745049149-64d3633939fbc-d7246abe-20b04563 200
[debug] [2026-03-17T10:57:39.565Z] <<< [apiv2][body] GET https://cloudfunctions.googleapis.com/v2/projects/safezone-cd4b5/locations/me-west1/operations/operation-1773745049149-64d3633939fbc-d7246abe-20b04563 {"name":"projects/safezone-cd4b5/locations/me-west1/operations/operation-1773745049149-64d3633939fbc-d7246abe-20b04563","metadata":{"@type":"type.googleapis.com/google.cloud.functions.v2.OperationMetadata","createTime":"2026-03-17T10:57:29.908877868Z","endTime":"2026-03-17T10:57:36.300793983Z","target":"projects/safezone-cd4b5/locations/me-west1/functions/sendManualAlert","verb":"update","cancelRequested":false,"apiVersion":"v2","requestResource":{"@type":"type.googleapis.com/google.cloud.functions.v2.Function","name":"projects/safezone-cd4b5/locations/me-west1/functions/sendManualAlert","buildConfig":{"runtime":"nodejs20","entryPoint":"sendManualAlert","source":{"storageSource":{"bucket":"gcf-v2-sources-78949340231-me-west1","object":"sendManualAlert/function-source.zip","generation":"1773745049874157"}},"environmentVariables":{"GOOGLE_NODE_RUN_SCRIPTS":""},"dockerRepository":"projects/safezone-cd4b5/locations/me-west1/repositories/gcf-artifacts","sourceProvenance":{"resolvedStorageSource":{"bucket":"gcf-v2-sources-78949340231-me-west1","object":"sendManualAlert/function-source.zip","generation":"1773736530215611"}},"dockerRegistry":"ARTIFACT_REGISTRY","sourceToken":"ClNwcm9qZWN0cy83ODk0OTM0MDIzMS9sb2NhdGlvbnMvbWUtd2VzdDEvYnVpbGRzL2M5MzY3ZTdkLTUxMWUtNDk5Mi1hMzdmLTI4NTNkYjM2OTI2MRJsbWUtd2VzdDEtZG9ja2VyLnBrZy5kZXYvc2FmZXpvbmUtY2Q0YjUvZ2NmLWFydGlmYWN0cy9zYWZlem9uZS0tY2Q0YjVfX21lLS13ZXN0MV9fb25fYWxlcnRfZGV0ZWN0ZWQ6dmVyc2lvbl8xGMeo/Y2mAiJEcHJvamVjdHMvc2FmZXpvbmUtY2Q0YjUvbG9jYXRpb25zL21lLXdlc3QxL2Z1bmN0aW9ucy9vbkFsZXJ0RGV0ZWN0ZWQqDAiV5+TNBhDY4O6nATIIbm9kZWpzMjA6cwojZ2NyLmlvL2dhZS1ydW50aW1lcy9ub2RlanMyMDpzdGFibGUSTG1lLXdlc3QxLWRvY2tlci5wa2cuZGV2L3NlcnZlcmxlc3MtcnVudGltZXMvZ29vZ2xlLTIyLWZ1bGwvcnVudGltZXMvbm9kZWpzMjBAAQ==","serviceAccount":"projects/safezone-cd4b5/serviceAccounts/78949340231-compute@developer.gserviceaccount.com","automaticUpdatePolicy":{}},"serviceConfig":{"service":"projects/safezone-cd4b5/locations/me-west1/services/sendmanualalert","timeoutSeconds":60,"environmentVariables":{"FIREBASE_CONFIG":"{\"projectId\":\"safezone-cd4b5\",\"databaseURL\":\"https://safezone-cd4b5-default-rtdb.europe-west1.firebasedatabase.app\",\"storageBucket\":\"safezone-cd4b5.firebasestorage.app\"}","GCLOUD_PROJECT":"safezone-cd4b5","EVENTARC_CLOUD_EVENT_SOURCE":"projects/safezone-cd4b5/locations/me-west1/services/sendManualAlert","FUNCTION_TARGET":"sendManualAlert","LOG_EXECUTION_ID":"true","FUNCTION_SIGNATURE_TYPE":"http"},"ingressSettings":"ALLOW_ALL","uri":"https://sendmanualalert-2espohqsdq-zf.a.run.app","serviceAccountEmail":"78949340231-compute@developer.gserviceaccount.com","availableMemory":"256Mi","allTrafficOnLatestRevision":true,"revision":"sendmanualalert-00004-yip","maxInstanceRequestConcurrency":80,"availableCpu":"1"},"state":"ACTIVE","labels":{"deployment-tool":"cloudfunctions","firebase-functions-hash":"3161b62d6e043105a6edf2587bc85ee6e74b8c04"},"environment":"GEN_2","url":"https://me-west1-safezone-cd4b5.cloudfunctions.net/sendManualAlert","satisfiesPzs":true,"satisfiesPzi":true},"stages":[{"name":"BUILD","message":"Reusing build","state":"COMPLETE","resource":"projects/78949340231/locations/me-west1/builds/c9367e7d-511e-4992-a37f-2853db369261","stateMessages":[{"severity":"WARNING","type":"BuildAnalysisWarning","message":"Node.js 20 is no longer supported by the Node.js community as of 30 April, 2026. Node.js 20 will be deprecated on 2026-04-30. We recommend you to upgrade to the latest version of Node.js as soon as possible."}]},{"name":"SERVICE","message":"Updating Cloud Run service","state":"COMPLETE","resource":"projects/safezone-cd4b5/locations/me-west1/services/sendmanualalert","resourceUri":"https://console.cloud.google.com/run/detail/me-west1/sendmanualalert?project=safezone-cd4b5","stateMessages":[{"severity":"INFO","type":"CloudRunServiceNewRevisionTrafficInfo","message":"A new revision will be deployed serving with 100% traffic."}]}],"sourceToken":"ClNwcm9qZWN0cy83ODk0OTM0MDIzMS9sb2NhdGlvbnMvbWUtd2VzdDEvYnVpbGRzL2M5MzY3ZTdkLTUxMWUtNDk5Mi1hMzdmLTI4NTNkYjM2OTI2MRJsbWUtd2VzdDEtZG9ja2VyLnBrZy5kZXYvc2FmZXpvbmUtY2Q0YjUvZ2NmLWFydGlmYWN0cy9zYWZlem9uZS0tY2Q0YjVfX21lLS13ZXN0MV9fb25fYWxlcnRfZGV0ZWN0ZWQ6dmVyc2lvbl8xGMeo/Y2mAiJEcHJvamVjdHMvc2FmZXpvbmUtY2Q0YjUvbG9jYXRpb25zL21lLXdlc3QxL2Z1bmN0aW9ucy9vbkFsZXJ0RGV0ZWN0ZWQqDAiV5+TNBhDY4O6nATIIbm9kZWpzMjA6cwojZ2NyLmlvL2dhZS1ydW50aW1lcy9ub2RlanMyMDpzdGFibGUSTG1lLXdlc3QxLWRvY2tlci5wa2cuZGV2L3NlcnZlcmxlc3MtcnVudGltZXMvZ29vZ2xlLTIyLWZ1bGwvcnVudGltZXMvbm9kZWpzMjBAAQ==","operationType":"UPDATE_FUNCTION","buildName":"projects/78949340231/locations/me-west1/builds/c9367e7d-511e-4992-a37f-2853db369261"},"done":true,"response":{"@type":"type.googleapis.com/google.cloud.functions.v2.Function","name":"projects/safezone-cd4b5/locations/me-west1/functions/sendManualAlert","buildConfig":{"build":"projects/78949340231/locations/me-west1/builds/c9367e7d-511e-4992-a37f-2853db369261","runtime":"nodejs20","entryPoint":"sendManualAlert","source":{"storageSource":{"bucket":"gcf-v2-sources-78949340231-me-west1","object":"sendManualAlert/function-source.zip","generation":"1773745049874157"}},"environmentVariables":{"GOOGLE_NODE_RUN_SCRIPTS":""},"dockerRepository":"projects/safezone-cd4b5/locations/me-west1/repositories/gcf-artifacts","sourceProvenance":{"resolvedStorageSource":{"bucket":"gcf-v2-sources-78949340231-me-west1","object":"sendManualAlert/function-source.zip","generation":"1773745049874157"}},"dockerRegistry":"ARTIFACT_REGISTRY","serviceAccount":"projects/safezone-cd4b5/serviceAccounts/78949340231-compute@developer.gserviceaccount.com","automaticUpdatePolicy":{}},"serviceConfig":{"service":"projects/safezone-cd4b5/locations/me-west1/services/sendmanualalert","timeoutSeconds":60,"environmentVariables":{"FIREBASE_CONFIG":"{\"projectId\":\"safezone-cd4b5\",\"databaseURL\":\"https://safezone-cd4b5-default-rtdb.europe-west1.firebasedatabase.app\",\"storageBucket\":\"safezone-cd4b5.firebasestorage.app\"}","GCLOUD_PROJECT":"safezone-cd4b5","EVENTARC_CLOUD_EVENT_SOURCE":"projects/safezone-cd4b5/locations/me-west1/services/sendManualAlert","FUNCTION_TARGET":"sendManualAlert","LOG_EXECUTION_ID":"true","FUNCTION_SIGNATURE_TYPE":"http"},"maxInstanceCount":20,"ingressSettings":"ALLOW_ALL","uri":"https://sendmanualalert-2espohqsdq-zf.a.run.app","serviceAccountEmail":"78949340231-compute@developer.gserviceaccount.com","availableMemory":"256Mi","allTrafficOnLatestRevision":true,"revision":"sendmanualalert-00005-yic","maxInstanceRequestConcurrency":80,"availableCpu":"1"},"state":"ACTIVE","updateTime":"2026-03-17T10:57:29.909948248Z","labels":{"firebase-functions-hash":"3161b62d6e043105a6edf2587bc85ee6e74b8c04","deployment-tool":"cli-firebase"},"environment":"GEN_2","url":"https://me-west1-safezone-cd4b5.cloudfunctions.net/sendManualAlert","satisfiesPzs":true,"createTime":"2026-03-16T07:38:07.340905786Z","satisfiesPzi":true}}
[debug] [2026-03-17T10:57:39.565Z] Got source token ClNwcm9qZWN0cy83ODk0OTM0MDIzMS9sb2NhdGlvbnMvbWUtd2VzdDEvYnVpbGRzL2M5MzY3ZTdkLTUxMWUtNDk5Mi1hMzdmLTI4NTNkYjM2OTI2MRJsbWUtd2VzdDEtZG9ja2VyLnBrZy5kZXYvc2FmZXpvbmUtY2Q0YjUvZ2NmLWFydGlmYWN0cy9zYWZlem9uZS0tY2Q0YjVfX21lLS13ZXN0MV9fb25fYWxlcnRfZGV0ZWN0ZWQ6dmVyc2lvbl8xGMeo/Y2mAiJEcHJvamVjdHMvc2FmZXpvbmUtY2Q0YjUvbG9jYXRpb25zL21lLXdlc3QxL2Z1bmN0aW9ucy9vbkFsZXJ0RGV0ZWN0ZWQqDAiV5+TNBhDY4O6nATIIbm9kZWpzMjA6cwojZ2NyLmlvL2dhZS1ydW50aW1lcy9ub2RlanMyMDpzdGFibGUSTG1lLXdlc3QxLWRvY2tlci5wa2cuZGV2L3NlcnZlcmxlc3MtcnVudGltZXMvZ29vZ2xlLTIyLWZ1bGwvcnVudGltZXMvbm9kZWpzMjBAAQ== for region me-west1
[info] +  functions[sendManualAlert(me-west1)] Successful update operation. 
[debug] [2026-03-17T10:57:40.434Z] [update-default-us-central1-checkSafeZoneAlerts] Retrying task index 0
[debug] [2026-03-17T10:57:40.434Z] Checked if tokens are valid: true, expires at: 1773748587252
[debug] [2026-03-17T10:57:40.434Z] Checked if tokens are valid: true, expires at: 1773748587252
[debug] [2026-03-17T10:57:40.434Z] >>> [apiv2][query] GET https://cloudfunctions.googleapis.com/v2/projects/safezone-cd4b5/locations/us-central1/operations/operation-1773745007768-64d36311c31c9-71cee6d2-db4e0676 [none]
[debug] [2026-03-17T10:57:41.209Z] <<< [apiv2][status] GET https://cloudfunctions.googleapis.com/v2/projects/safezone-cd4b5/locations/us-central1/operations/operation-1773745007768-64d36311c31c9-71cee6d2-db4e0676 200
[debug] [2026-03-17T10:57:41.209Z] <<< [apiv2][body] GET https://cloudfunctions.googleapis.com/v2/projects/safezone-cd4b5/locations/us-central1/operations/operation-1773745007768-64d36311c31c9-71cee6d2-db4e0676 {"name":"projects/safezone-cd4b5/locations/us-central1/operations/operation-1773745007768-64d36311c31c9-71cee6d2-db4e0676","metadata":{"@type":"type.googleapis.com/google.cloud.functions.v2.OperationMetadata","createTime":"2026-03-17T10:56:50.745183749Z","target":"projects/safezone-cd4b5/locations/us-central1/functions/checkSafeZoneAlerts","verb":"update","cancelRequested":false,"apiVersion":"v2","requestResource":{"@type":"type.googleapis.com/google.cloud.functions.v2.Function","name":"projects/safezone-cd4b5/locations/us-central1/functions/checkSafeZoneAlerts","buildConfig":{"runtime":"nodejs20","entryPoint":"checkSafeZoneAlerts","source":{"storageSource":{"bucket":"gcf-v2-sources-78949340231-us-central1","object":"checkSafeZoneAlerts/function-source.zip","generation":"1773745010677148"}},"environmentVariables":{"GOOGLE_NODE_RUN_SCRIPTS":""},"dockerRepository":"projects/safezone-cd4b5/locations/us-central1/repositories/gcf-artifacts","sourceProvenance":{"resolvedStorageSource":{"bucket":"gcf-v2-sources-78949340231-us-central1","object":"checkSafeZoneAlerts/function-source.zip","generation":"1773736491111895"}},"dockerRegistry":"ARTIFACT_REGISTRY","serviceAccount":"projects/safezone-cd4b5/serviceAccounts/78949340231-compute@developer.gserviceaccount.com","automaticUpdatePolicy":{}},"serviceConfig":{"service":"projects/safezone-cd4b5/locations/us-central1/services/checksafezonealerts","timeoutSeconds":60,"environmentVariables":{"FIREBASE_CONFIG":"{\"projectId\":\"safezone-cd4b5\",\"databaseURL\":\"https://safezone-cd4b5-default-rtdb.europe-west1.firebasedatabase.app\",\"storageBucket\":\"safezone-cd4b5.firebasestorage.app\"}","GCLOUD_PROJECT":"safezone-cd4b5","EVENTARC_CLOUD_EVENT_SOURCE":"projects/safezone-cd4b5/locations/us-central1/services/checkSafeZoneAlerts","FUNCTION_TARGET":"checkSafeZoneAlerts","LOG_EXECUTION_ID":"true"},"ingressSettings":"ALLOW_ALL","uri":"https://checksafezonealerts-2espohqsdq-uc.a.run.app","serviceAccountEmail":"78949340231-compute@developer.gserviceaccount.com","availableMemory":"256Mi","allTrafficOnLatestRevision":true,"revision":"checksafezonealerts-00002-vaw","maxInstanceRequestConcurrency":80,"availableCpu":"1"},"state":"ACTIVE","labels":{"deployment-tool":"cli-firebase","deployment-scheduled":"true","firebase-functions-hash":"3161b62d6e043105a6edf2587bc85ee6e74b8c04"},"environment":"GEN_2","url":"https://us-central1-safezone-cd4b5.cloudfunctions.net/checkSafeZoneAlerts","satisfiesPzi":true},"stages":[{"name":"BUILD","message":"Build finished","state":"COMPLETE","resource":"projects/78949340231/locations/us-central1/builds/e527b894-0eec-4220-9c8c-c7c50a63839e","resourceUri":"https://console.cloud.google.com/cloud-build/builds;region=us-central1/e527b894-0eec-4220-9c8c-c7c50a63839e?project=78949340231"},{"name":"SERVICE","message":"Updating Cloud Run service","state":"IN_PROGRESS","resource":"projects/safezone-cd4b5/locations/us-central1/services/checksafezonealerts","resourceUri":"https://console.cloud.google.com/run/detail/us-central1/checksafezonealerts?project=safezone-cd4b5","stateMessages":[{"severity":"INFO","type":"CloudRunServiceNewRevisionTrafficInfo","message":"A new revision will be deployed serving with 100% traffic."}]}],"sourceToken":"ClZwcm9qZWN0cy83ODk0OTM0MDIzMS9sb2NhdGlvbnMvdXMtY2VudHJhbDEvYnVpbGRzL2U1MjdiODk0LTBlZWMtNDIyMC05YzhjLWM3YzUwYTYzODM5ZRJ3dXMtY2VudHJhbDEtZG9ja2VyLnBrZy5kZXYvc2FmZXpvbmUtY2Q0YjUvZ2NmLWFydGlmYWN0cy9zYWZlem9uZS0tY2Q0YjVfX3VzLS1jZW50cmFsMV9fY2hlY2tfc2FmZV96b25lX2FsZXJ0czp2ZXJzaW9uXzEYx6j9jaYCIktwcm9qZWN0cy9zYWZlem9uZS1jZDRiNS9sb2NhdGlvbnMvdXMtY2VudHJhbDEvZnVuY3Rpb25zL2NoZWNrU2FmZVpvbmVBbGVydHMqDAiZ5+TNBhCQs/SDATIIbm9kZWpzMjA6dgojZ2NyLmlvL2dhZS1ydW50aW1lcy9ub2RlanMyMDpzdGFibGUST3VzLWNlbnRyYWwxLWRvY2tlci5wa2cuZGV2L3NlcnZlcmxlc3MtcnVudGltZXMvZ29vZ2xlLTIyLWZ1bGwvcnVudGltZXMvbm9kZWpzMjBAAQ==","operationType":"UPDATE_FUNCTION","buildName":"projects/78949340231/locations/us-central1/builds/e527b894-0eec-4220-9c8c-c7c50a63839e"},"done":false}
[debug] [2026-03-17T10:57:41.209Z] Got source token ClZwcm9qZWN0cy83ODk0OTM0MDIzMS9sb2NhdGlvbnMvdXMtY2VudHJhbDEvYnVpbGRzL2U1MjdiODk0LTBlZWMtNDIyMC05YzhjLWM3YzUwYTYzODM5ZRJ3dXMtY2VudHJhbDEtZG9ja2VyLnBrZy5kZXYvc2FmZXpvbmUtY2Q0YjUvZ2NmLWFydGlmYWN0cy9zYWZlem9uZS0tY2Q0YjVfX3VzLS1jZW50cmFsMV9fY2hlY2tfc2FmZV96b25lX2FsZXJ0czp2ZXJzaW9uXzEYx6j9jaYCIktwcm9qZWN0cy9zYWZlem9uZS1jZDRiNS9sb2NhdGlvbnMvdXMtY2VudHJhbDEvZnVuY3Rpb25zL2NoZWNrU2FmZVpvbmVBbGVydHMqDAiZ5+TNBhCQs/SDATIIbm9kZWpzMjA6dgojZ2NyLmlvL2dhZS1ydW50aW1lcy9ub2RlanMyMDpzdGFibGUST3VzLWNlbnRyYWwxLWRvY2tlci5wa2cuZGV2L3NlcnZlcmxlc3MtcnVudGltZXMvZ29vZ2xlLTIyLWZ1bGwvcnVudGltZXMvbm9kZWpzMjBAAQ== for region us-central1
[debug] [2026-03-17T10:57:51.216Z] [update-default-us-central1-checkSafeZoneAlerts] Retrying task index 0
[debug] [2026-03-17T10:57:51.216Z] Checked if tokens are valid: true, expires at: 1773748587252
[debug] [2026-03-17T10:57:51.217Z] Checked if tokens are valid: true, expires at: 1773748587252
[debug] [2026-03-17T10:57:51.217Z] >>> [apiv2][query] GET https://cloudfunctions.googleapis.com/v2/projects/safezone-cd4b5/locations/us-central1/operations/operation-1773745007768-64d36311c31c9-71cee6d2-db4e0676 [none]
[debug] [2026-03-17T10:57:52.017Z] <<< [apiv2][status] GET https://cloudfunctions.googleapis.com/v2/projects/safezone-cd4b5/locations/us-central1/operations/operation-1773745007768-64d36311c31c9-71cee6d2-db4e0676 200
[debug] [2026-03-17T10:57:52.017Z] <<< [apiv2][body] GET https://cloudfunctions.googleapis.com/v2/projects/safezone-cd4b5/locations/us-central1/operations/operation-1773745007768-64d36311c31c9-71cee6d2-db4e0676 {"name":"projects/safezone-cd4b5/locations/us-central1/operations/operation-1773745007768-64d36311c31c9-71cee6d2-db4e0676","metadata":{"@type":"type.googleapis.com/google.cloud.functions.v2.OperationMetadata","createTime":"2026-03-17T10:56:50.745183749Z","target":"projects/safezone-cd4b5/locations/us-central1/functions/checkSafeZoneAlerts","verb":"update","cancelRequested":false,"apiVersion":"v2","requestResource":{"@type":"type.googleapis.com/google.cloud.functions.v2.Function","name":"projects/safezone-cd4b5/locations/us-central1/functions/checkSafeZoneAlerts","buildConfig":{"runtime":"nodejs20","entryPoint":"checkSafeZoneAlerts","source":{"storageSource":{"bucket":"gcf-v2-sources-78949340231-us-central1","object":"checkSafeZoneAlerts/function-source.zip","generation":"1773745010677148"}},"environmentVariables":{"GOOGLE_NODE_RUN_SCRIPTS":""},"dockerRepository":"projects/safezone-cd4b5/locations/us-central1/repositories/gcf-artifacts","sourceProvenance":{"resolvedStorageSource":{"bucket":"gcf-v2-sources-78949340231-us-central1","object":"checkSafeZoneAlerts/function-source.zip","generation":"1773736491111895"}},"dockerRegistry":"ARTIFACT_REGISTRY","serviceAccount":"projects/safezone-cd4b5/serviceAccounts/78949340231-compute@developer.gserviceaccount.com","automaticUpdatePolicy":{}},"serviceConfig":{"service":"projects/safezone-cd4b5/locations/us-central1/services/checksafezonealerts","timeoutSeconds":60,"environmentVariables":{"FIREBASE_CONFIG":"{\"projectId\":\"safezone-cd4b5\",\"databaseURL\":\"https://safezone-cd4b5-default-rtdb.europe-west1.firebasedatabase.app\",\"storageBucket\":\"safezone-cd4b5.firebasestorage.app\"}","GCLOUD_PROJECT":"safezone-cd4b5","EVENTARC_CLOUD_EVENT_SOURCE":"projects/safezone-cd4b5/locations/us-central1/services/checkSafeZoneAlerts","FUNCTION_TARGET":"checkSafeZoneAlerts","LOG_EXECUTION_ID":"true"},"ingressSettings":"ALLOW_ALL","uri":"https://checksafezonealerts-2espohqsdq-uc.a.run.app","serviceAccountEmail":"78949340231-compute@developer.gserviceaccount.com","availableMemory":"256Mi","allTrafficOnLatestRevision":true,"revision":"checksafezonealerts-00002-vaw","maxInstanceRequestConcurrency":80,"availableCpu":"1"},"state":"ACTIVE","labels":{"deployment-tool":"cli-firebase","deployment-scheduled":"true","firebase-functions-hash":"3161b62d6e043105a6edf2587bc85ee6e74b8c04"},"environment":"GEN_2","url":"https://us-central1-safezone-cd4b5.cloudfunctions.net/checkSafeZoneAlerts","satisfiesPzi":true},"stages":[{"name":"BUILD","message":"Build finished","state":"COMPLETE","resource":"projects/78949340231/locations/us-central1/builds/e527b894-0eec-4220-9c8c-c7c50a63839e","resourceUri":"https://console.cloud.google.com/cloud-build/builds;region=us-central1/e527b894-0eec-4220-9c8c-c7c50a63839e?project=78949340231"},{"name":"SERVICE","message":"Updating Cloud Run service","state":"IN_PROGRESS","resource":"projects/safezone-cd4b5/locations/us-central1/services/checksafezonealerts","resourceUri":"https://console.cloud.google.com/run/detail/us-central1/checksafezonealerts?project=safezone-cd4b5","stateMessages":[{"severity":"INFO","type":"CloudRunServiceNewRevisionTrafficInfo","message":"A new revision will be deployed serving with 100% traffic."}]}],"sourceToken":"ClZwcm9qZWN0cy83ODk0OTM0MDIzMS9sb2NhdGlvbnMvdXMtY2VudHJhbDEvYnVpbGRzL2U1MjdiODk0LTBlZWMtNDIyMC05YzhjLWM3YzUwYTYzODM5ZRJ3dXMtY2VudHJhbDEtZG9ja2VyLnBrZy5kZXYvc2FmZXpvbmUtY2Q0YjUvZ2NmLWFydGlmYWN0cy9zYWZlem9uZS0tY2Q0YjVfX3VzLS1jZW50cmFsMV9fY2hlY2tfc2FmZV96b25lX2FsZXJ0czp2ZXJzaW9uXzEYx6j9jaYCIktwcm9qZWN0cy9zYWZlem9uZS1jZDRiNS9sb2NhdGlvbnMvdXMtY2VudHJhbDEvZnVuY3Rpb25zL2NoZWNrU2FmZVpvbmVBbGVydHMqDAiZ5+TNBhCQs/SDATIIbm9kZWpzMjA6dgojZ2NyLmlvL2dhZS1ydW50aW1lcy9ub2RlanMyMDpzdGFibGUST3VzLWNlbnRyYWwxLWRvY2tlci5wa2cuZGV2L3NlcnZlcmxlc3MtcnVudGltZXMvZ29vZ2xlLTIyLWZ1bGwvcnVudGltZXMvbm9kZWpzMjBAAQ==","operationType":"UPDATE_FUNCTION","buildName":"projects/78949340231/locations/us-central1/builds/e527b894-0eec-4220-9c8c-c7c50a63839e"},"done":false}
[debug] [2026-03-17T10:57:52.017Z] Got source token ClZwcm9qZWN0cy83ODk0OTM0MDIzMS9sb2NhdGlvbnMvdXMtY2VudHJhbDEvYnVpbGRzL2U1MjdiODk0LTBlZWMtNDIyMC05YzhjLWM3YzUwYTYzODM5ZRJ3dXMtY2VudHJhbDEtZG9ja2VyLnBrZy5kZXYvc2FmZXpvbmUtY2Q0YjUvZ2NmLWFydGlmYWN0cy9zYWZlem9uZS0tY2Q0YjVfX3VzLS1jZW50cmFsMV9fY2hlY2tfc2FmZV96b25lX2FsZXJ0czp2ZXJzaW9uXzEYx6j9jaYCIktwcm9qZWN0cy9zYWZlem9uZS1jZDRiNS9sb2NhdGlvbnMvdXMtY2VudHJhbDEvZnVuY3Rpb25zL2NoZWNrU2FmZVpvbmVBbGVydHMqDAiZ5+TNBhCQs/SDATIIbm9kZWpzMjA6dgojZ2NyLmlvL2dhZS1ydW50aW1lcy9ub2RlanMyMDpzdGFibGUST3VzLWNlbnRyYWwxLWRvY2tlci5wa2cuZGV2L3NlcnZlcmxlc3MtcnVudGltZXMvZ29vZ2xlLTIyLWZ1bGwvcnVudGltZXMvbm9kZWpzMjBAAQ== for region us-central1
[debug] [2026-03-17T10:58:02.027Z] [update-default-us-central1-checkSafeZoneAlerts] Retrying task index 0
[debug] [2026-03-17T10:58:02.027Z] Checked if tokens are valid: true, expires at: 1773748587252
[debug] [2026-03-17T10:58:02.028Z] Checked if tokens are valid: true, expires at: 1773748587252
[debug] [2026-03-17T10:58:02.028Z] >>> [apiv2][query] GET https://cloudfunctions.googleapis.com/v2/projects/safezone-cd4b5/locations/us-central1/operations/operation-1773745007768-64d36311c31c9-71cee6d2-db4e0676 [none]
[debug] [2026-03-17T10:58:02.839Z] <<< [apiv2][status] GET https://cloudfunctions.googleapis.com/v2/projects/safezone-cd4b5/locations/us-central1/operations/operation-1773745007768-64d36311c31c9-71cee6d2-db4e0676 200
[debug] [2026-03-17T10:58:02.839Z] <<< [apiv2][body] GET https://cloudfunctions.googleapis.com/v2/projects/safezone-cd4b5/locations/us-central1/operations/operation-1773745007768-64d36311c31c9-71cee6d2-db4e0676 {"name":"projects/safezone-cd4b5/locations/us-central1/operations/operation-1773745007768-64d36311c31c9-71cee6d2-db4e0676","metadata":{"@type":"type.googleapis.com/google.cloud.functions.v2.OperationMetadata","createTime":"2026-03-17T10:56:50.745183749Z","endTime":"2026-03-17T10:57:55.914227262Z","target":"projects/safezone-cd4b5/locations/us-central1/functions/checkSafeZoneAlerts","verb":"update","cancelRequested":false,"apiVersion":"v2","requestResource":{"@type":"type.googleapis.com/google.cloud.functions.v2.Function","name":"projects/safezone-cd4b5/locations/us-central1/functions/checkSafeZoneAlerts","buildConfig":{"runtime":"nodejs20","entryPoint":"checkSafeZoneAlerts","source":{"storageSource":{"bucket":"gcf-v2-sources-78949340231-us-central1","object":"checkSafeZoneAlerts/function-source.zip","generation":"1773745010677148"}},"environmentVariables":{"GOOGLE_NODE_RUN_SCRIPTS":""},"dockerRepository":"projects/safezone-cd4b5/locations/us-central1/repositories/gcf-artifacts","sourceProvenance":{"resolvedStorageSource":{"bucket":"gcf-v2-sources-78949340231-us-central1","object":"checkSafeZoneAlerts/function-source.zip","generation":"1773736491111895"}},"dockerRegistry":"ARTIFACT_REGISTRY","serviceAccount":"projects/safezone-cd4b5/serviceAccounts/78949340231-compute@developer.gserviceaccount.com","automaticUpdatePolicy":{}},"serviceConfig":{"service":"projects/safezone-cd4b5/locations/us-central1/services/checksafezonealerts","timeoutSeconds":60,"environmentVariables":{"FIREBASE_CONFIG":"{\"projectId\":\"safezone-cd4b5\",\"databaseURL\":\"https://safezone-cd4b5-default-rtdb.europe-west1.firebasedatabase.app\",\"storageBucket\":\"safezone-cd4b5.firebasestorage.app\"}","GCLOUD_PROJECT":"safezone-cd4b5","EVENTARC_CLOUD_EVENT_SOURCE":"projects/safezone-cd4b5/locations/us-central1/services/checkSafeZoneAlerts","FUNCTION_TARGET":"checkSafeZoneAlerts","LOG_EXECUTION_ID":"true"},"ingressSettings":"ALLOW_ALL","uri":"https://checksafezonealerts-2espohqsdq-uc.a.run.app","serviceAccountEmail":"78949340231-compute@developer.gserviceaccount.com","availableMemory":"256Mi","allTrafficOnLatestRevision":true,"revision":"checksafezonealerts-00002-vaw","maxInstanceRequestConcurrency":80,"availableCpu":"1"},"state":"ACTIVE","labels":{"deployment-tool":"cli-firebase","deployment-scheduled":"true","firebase-functions-hash":"3161b62d6e043105a6edf2587bc85ee6e74b8c04"},"environment":"GEN_2","url":"https://us-central1-safezone-cd4b5.cloudfunctions.net/checkSafeZoneAlerts","satisfiesPzi":true},"stages":[{"name":"BUILD","message":"Build finished","state":"COMPLETE","resource":"projects/78949340231/locations/us-central1/builds/e527b894-0eec-4220-9c8c-c7c50a63839e","resourceUri":"https://console.cloud.google.com/cloud-build/builds;region=us-central1/e527b894-0eec-4220-9c8c-c7c50a63839e?project=78949340231"},{"name":"SERVICE","message":"Updating Cloud Run service","state":"COMPLETE","resource":"projects/safezone-cd4b5/locations/us-central1/services/checksafezonealerts","resourceUri":"https://console.cloud.google.com/run/detail/us-central1/checksafezonealerts?project=safezone-cd4b5","stateMessages":[{"severity":"INFO","type":"CloudRunServiceNewRevisionTrafficInfo","message":"A new revision will be deployed serving with 100% traffic."}]}],"sourceToken":"ClZwcm9qZWN0cy83ODk0OTM0MDIzMS9sb2NhdGlvbnMvdXMtY2VudHJhbDEvYnVpbGRzL2U1MjdiODk0LTBlZWMtNDIyMC05YzhjLWM3YzUwYTYzODM5ZRJ3dXMtY2VudHJhbDEtZG9ja2VyLnBrZy5kZXYvc2FmZXpvbmUtY2Q0YjUvZ2NmLWFydGlmYWN0cy9zYWZlem9uZS0tY2Q0YjVfX3VzLS1jZW50cmFsMV9fY2hlY2tfc2FmZV96b25lX2FsZXJ0czp2ZXJzaW9uXzEYx6j9jaYCIktwcm9qZWN0cy9zYWZlem9uZS1jZDRiNS9sb2NhdGlvbnMvdXMtY2VudHJhbDEvZnVuY3Rpb25zL2NoZWNrU2FmZVpvbmVBbGVydHMqDAiZ5+TNBhCQs/SDATIIbm9kZWpzMjA6dgojZ2NyLmlvL2dhZS1ydW50aW1lcy9ub2RlanMyMDpzdGFibGUST3VzLWNlbnRyYWwxLWRvY2tlci5wa2cuZGV2L3NlcnZlcmxlc3MtcnVudGltZXMvZ29vZ2xlLTIyLWZ1bGwvcnVudGltZXMvbm9kZWpzMjBAAQ==","operationType":"UPDATE_FUNCTION","buildName":"projects/78949340231/locations/us-central1/builds/e527b894-0eec-4220-9c8c-c7c50a63839e"},"done":true,"response":{"@type":"type.googleapis.com/google.cloud.functions.v2.Function","name":"projects/safezone-cd4b5/locations/us-central1/functions/checkSafeZoneAlerts","buildConfig":{"build":"projects/78949340231/locations/us-central1/builds/e527b894-0eec-4220-9c8c-c7c50a63839e","runtime":"nodejs20","entryPoint":"checkSafeZoneAlerts","source":{"storageSource":{"bucket":"gcf-v2-sources-78949340231-us-central1","object":"checkSafeZoneAlerts/function-source.zip","generation":"1773745010677148"}},"environmentVariables":{"GOOGLE_NODE_RUN_SCRIPTS":""},"dockerRepository":"projects/safezone-cd4b5/locations/us-central1/repositories/gcf-artifacts","sourceProvenance":{"resolvedStorageSource":{"bucket":"gcf-v2-sources-78949340231-us-central1","object":"checkSafeZoneAlerts/function-source.zip","generation":"1773745010677148"}},"dockerRegistry":"ARTIFACT_REGISTRY","serviceAccount":"projects/safezone-cd4b5/serviceAccounts/78949340231-compute@developer.gserviceaccount.com","automaticUpdatePolicy":{}},"serviceConfig":{"service":"projects/safezone-cd4b5/locations/us-central1/services/checksafezonealerts","timeoutSeconds":60,"environmentVariables":{"FIREBASE_CONFIG":"{\"projectId\":\"safezone-cd4b5\",\"databaseURL\":\"https://safezone-cd4b5-default-rtdb.europe-west1.firebasedatabase.app\",\"storageBucket\":\"safezone-cd4b5.firebasestorage.app\"}","GCLOUD_PROJECT":"safezone-cd4b5","EVENTARC_CLOUD_EVENT_SOURCE":"projects/safezone-cd4b5/locations/us-central1/services/checkSafeZoneAlerts","FUNCTION_TARGET":"checkSafeZoneAlerts","LOG_EXECUTION_ID":"true"},"maxInstanceCount":20,"ingressSettings":"ALLOW_ALL","uri":"https://checksafezonealerts-2espohqsdq-uc.a.run.app","serviceAccountEmail":"78949340231-compute@developer.gserviceaccount.com","availableMemory":"256Mi","allTrafficOnLatestRevision":true,"revision":"checksafezonealerts-00003-yiy","maxInstanceRequestConcurrency":80,"availableCpu":"1"},"state":"ACTIVE","updateTime":"2026-03-17T10:56:50.749032587Z","labels":{"deployment-tool":"cli-firebase","deployment-scheduled":"true","firebase-functions-hash":"3161b62d6e043105a6edf2587bc85ee6e74b8c04"},"environment":"GEN_2","url":"https://us-central1-safezone-cd4b5.cloudfunctions.net/checkSafeZoneAlerts","createTime":"2026-03-16T20:41:19.937790996Z","satisfiesPzi":true}}
[debug] [2026-03-17T10:58:02.839Z] Got source token ClZwcm9qZWN0cy83ODk0OTM0MDIzMS9sb2NhdGlvbnMvdXMtY2VudHJhbDEvYnVpbGRzL2U1MjdiODk0LTBlZWMtNDIyMC05YzhjLWM3YzUwYTYzODM5ZRJ3dXMtY2VudHJhbDEtZG9ja2VyLnBrZy5kZXYvc2FmZXpvbmUtY2Q0YjUvZ2NmLWFydGlmYWN0cy9zYWZlem9uZS0tY2Q0YjVfX3VzLS1jZW50cmFsMV9fY2hlY2tfc2FmZV96b25lX2FsZXJ0czp2ZXJzaW9uXzEYx6j9jaYCIktwcm9qZWN0cy9zYWZlem9uZS1jZDRiNS9sb2NhdGlvbnMvdXMtY2VudHJhbDEvZnVuY3Rpb25zL2NoZWNrU2FmZVpvbmVBbGVydHMqDAiZ5+TNBhCQs/SDATIIbm9kZWpzMjA6dgojZ2NyLmlvL2dhZS1ydW50aW1lcy9ub2RlanMyMDpzdGFibGUST3VzLWNlbnRyYWwxLWRvY2tlci5wa2cuZGV2L3NlcnZlcmxlc3MtcnVudGltZXMvZ29vZ2xlLTIyLWZ1bGwvcnVudGltZXMvbm9kZWpzMjBAAQ== for region us-central1
[debug] [2026-03-17T10:58:02.839Z] Checked if tokens are valid: true, expires at: 1773748587252
[debug] [2026-03-17T10:58:02.839Z] Checked if tokens are valid: true, expires at: 1773748587252
[debug] [2026-03-17T10:58:02.839Z] >>> [apiv2][query] GET https://compute.googleapis.com/compute/v1/projects/78949340231 [none]
[debug] [2026-03-17T10:58:03.122Z] <<< [apiv2][status] GET https://compute.googleapis.com/compute/v1/projects/78949340231 403
[debug] [2026-03-17T10:58:03.122Z] <<< [apiv2][body] GET https://compute.googleapis.com/compute/v1/projects/78949340231 {"error":{"code":403,"message":"Compute Engine API has not been used in project 78949340231 before or it is disabled. Enable it by visiting https://console.developers.google.com/apis/api/compute.googleapis.com/overview?project=78949340231 then retry. If you enabled this API recently, wait a few minutes for the action to propagate to our systems and retry.","errors":[{"message":"Compute Engine API has not been used in project 78949340231 before or it is disabled. Enable it by visiting https://console.developers.google.com/apis/api/compute.googleapis.com/overview?project=78949340231 then retry. If you enabled this API recently, wait a few minutes for the action to propagate to our systems and retry.","domain":"usageLimits","reason":"accessNotConfigured","extendedHelp":"https://console.developers.google.com"}],"status":"PERMISSION_DENIED","details":[{"@type":"type.googleapis.com/google.rpc.ErrorInfo","reason":"SERVICE_DISABLED","domain":"googleapis.com","metadata":{"activationUrl":"https://console.developers.google.com/apis/api/compute.googleapis.com/overview?project=78949340231","containerInfo":"78949340231","service":"compute.googleapis.com","consumer":"projects/78949340231","serviceTitle":"Compute Engine API"}},{"@type":"type.googleapis.com/google.rpc.LocalizedMessage","locale":"en-US","message":"Compute Engine API has not been used in project 78949340231 before or it is disabled. Enable it by visiting https://console.developers.google.com/apis/api/compute.googleapis.com/overview?project=78949340231 then retry. If you enabled this API recently, wait a few minutes for the action to propagate to our systems and retry."},{"@type":"type.googleapis.com/google.rpc.Help","links":[{"description":"Google developers console API activation","url":"https://console.developers.google.com/apis/api/compute.googleapis.com/overview?project=78949340231"}]}]}}
[debug] [2026-03-17T10:58:03.123Z] unable to look up default compute service account. Falling back to 78949340231-compute@developer.gserviceaccount.com. Error: {"name":"FirebaseError","children":[],"context":{"body":{"error":{"code":403,"message":"Compute Engine API has not been used in project 78949340231 before or it is disabled. Enable it by visiting https://console.developers.google.com/apis/api/compute.googleapis.com/overview?project=78949340231 then retry. If you enabled this API recently, wait a few minutes for the action to propagate to our systems and retry.","errors":[{"message":"Compute Engine API has not been used in project 78949340231 before or it is disabled. Enable it by visiting https://console.developers.google.com/apis/api/compute.googleapis.com/overview?project=78949340231 then retry. If you enabled this API recently, wait a few minutes for the action to propagate to our systems and retry.","domain":"usageLimits","reason":"accessNotConfigured","extendedHelp":"https://console.developers.google.com"}],"status":"PERMISSION_DENIED","details":[{"@type":"type.googleapis.com/google.rpc.ErrorInfo","reason":"SERVICE_DISABLED","domain":"googleapis.com","metadata":{"activationUrl":"https://console.developers.google.com/apis/api/compute.googleapis.com/overview?project=78949340231","containerInfo":"78949340231","service":"compute.googleapis.com","consumer":"projects/78949340231","serviceTitle":"Compute Engine API"}},{"@type":"type.googleapis.com/google.rpc.LocalizedMessage","locale":"en-US","message":"Compute Engine API has not been used in project 78949340231 before or it is disabled. Enable it by visiting https://console.developers.google.com/apis/api/compute.googleapis.com/overview?project=78949340231 then retry. If you enabled this API recently, wait a few minutes for the action to propagate to our systems and retry."},{"@type":"type.googleapis.com/google.rpc.Help","links":[{"description":"Google developers console API activation","url":"https://console.developers.google.com/apis/api/compute.googleapis.com/overview?project=78949340231"}]}]}},"response":{"statusCode":403}},"exit":1,"message":"Request to https://compute.googleapis.com/compute/v1/projects/78949340231 had HTTP Error: 403, Compute Engine API has not been used in project 78949340231 before or it is disabled. Enable it by visiting https://console.developers.google.com/apis/api/compute.googleapis.com/overview?project=78949340231 then retry. If you enabled this API recently, wait a few minutes for the action to propagate to our systems and retry.","status":403}
[debug] [2026-03-17T10:58:03.124Z] Checked if tokens are valid: true, expires at: 1773748587252
[debug] [2026-03-17T10:58:03.124Z] Checked if tokens are valid: true, expires at: 1773748587252
[debug] [2026-03-17T10:58:03.125Z] >>> [apiv2][query] GET https://run.googleapis.com/v1/projects/safezone-cd4b5/locations/us-central1/services/checksafezonealerts:getIamPolicy [none]
[debug] [2026-03-17T10:58:04.346Z] <<< [apiv2][status] GET https://run.googleapis.com/v1/projects/safezone-cd4b5/locations/us-central1/services/checksafezonealerts:getIamPolicy 200
[debug] [2026-03-17T10:58:04.346Z] <<< [apiv2][body] GET https://run.googleapis.com/v1/projects/safezone-cd4b5/locations/us-central1/services/checksafezonealerts:getIamPolicy {"version":1,"etag":"BwZNKkH3ltM=","bindings":[{"role":"roles/run.invoker","members":["serviceAccount:78949340231-compute@developer.gserviceaccount.com"]}]}
[debug] [2026-03-17T10:58:04.346Z] Checked if tokens are valid: true, expires at: 1773748587252
[debug] [2026-03-17T10:58:04.346Z] Checked if tokens are valid: true, expires at: 1773748587252
[debug] [2026-03-17T10:58:04.346Z] >>> [apiv2][query] GET https://compute.googleapis.com/compute/v1/projects/78949340231 [none]
[debug] [2026-03-17T10:58:04.553Z] <<< [apiv2][status] GET https://compute.googleapis.com/compute/v1/projects/78949340231 403
[debug] [2026-03-17T10:58:04.553Z] <<< [apiv2][body] GET https://compute.googleapis.com/compute/v1/projects/78949340231 {"error":{"code":403,"message":"Compute Engine API has not been used in project 78949340231 before or it is disabled. Enable it by visiting https://console.developers.google.com/apis/api/compute.googleapis.com/overview?project=78949340231 then retry. If you enabled this API recently, wait a few minutes for the action to propagate to our systems and retry.","errors":[{"message":"Compute Engine API has not been used in project 78949340231 before or it is disabled. Enable it by visiting https://console.developers.google.com/apis/api/compute.googleapis.com/overview?project=78949340231 then retry. If you enabled this API recently, wait a few minutes for the action to propagate to our systems and retry.","domain":"usageLimits","reason":"accessNotConfigured","extendedHelp":"https://console.developers.google.com"}],"status":"PERMISSION_DENIED","details":[{"@type":"type.googleapis.com/google.rpc.ErrorInfo","reason":"SERVICE_DISABLED","domain":"googleapis.com","metadata":{"serviceTitle":"Compute Engine API","containerInfo":"78949340231","activationUrl":"https://console.developers.google.com/apis/api/compute.googleapis.com/overview?project=78949340231","service":"compute.googleapis.com","consumer":"projects/78949340231"}},{"@type":"type.googleapis.com/google.rpc.LocalizedMessage","locale":"en-US","message":"Compute Engine API has not been used in project 78949340231 before or it is disabled. Enable it by visiting https://console.developers.google.com/apis/api/compute.googleapis.com/overview?project=78949340231 then retry. If you enabled this API recently, wait a few minutes for the action to propagate to our systems and retry."},{"@type":"type.googleapis.com/google.rpc.Help","links":[{"description":"Google developers console API activation","url":"https://console.developers.google.com/apis/api/compute.googleapis.com/overview?project=78949340231"}]}]}}
[debug] [2026-03-17T10:58:04.554Z] unable to look up default compute service account. Falling back to 78949340231-compute@developer.gserviceaccount.com. Error: {"name":"FirebaseError","children":[],"context":{"body":{"error":{"code":403,"message":"Compute Engine API has not been used in project 78949340231 before or it is disabled. Enable it by visiting https://console.developers.google.com/apis/api/compute.googleapis.com/overview?project=78949340231 then retry. If you enabled this API recently, wait a few minutes for the action to propagate to our systems and retry.","errors":[{"message":"Compute Engine API has not been used in project 78949340231 before or it is disabled. Enable it by visiting https://console.developers.google.com/apis/api/compute.googleapis.com/overview?project=78949340231 then retry. If you enabled this API recently, wait a few minutes for the action to propagate to our systems and retry.","domain":"usageLimits","reason":"accessNotConfigured","extendedHelp":"https://console.developers.google.com"}],"status":"PERMISSION_DENIED","details":[{"@type":"type.googleapis.com/google.rpc.ErrorInfo","reason":"SERVICE_DISABLED","domain":"googleapis.com","metadata":{"serviceTitle":"Compute Engine API","containerInfo":"78949340231","activationUrl":"https://console.developers.google.com/apis/api/compute.googleapis.com/overview?project=78949340231","service":"compute.googleapis.com","consumer":"projects/78949340231"}},{"@type":"type.googleapis.com/google.rpc.LocalizedMessage","locale":"en-US","message":"Compute Engine API has not been used in project 78949340231 before or it is disabled. Enable it by visiting https://console.developers.google.com/apis/api/compute.googleapis.com/overview?project=78949340231 then retry. If you enabled this API recently, wait a few minutes for the action to propagate to our systems and retry."},{"@type":"type.googleapis.com/google.rpc.Help","links":[{"description":"Google developers console API activation","url":"https://console.developers.google.com/apis/api/compute.googleapis.com/overview?project=78949340231"}]}]}},"response":{"statusCode":403}},"exit":1,"message":"Request to https://compute.googleapis.com/compute/v1/projects/78949340231 had HTTP Error: 403, Compute Engine API has not been used in project 78949340231 before or it is disabled. Enable it by visiting https://console.developers.google.com/apis/api/compute.googleapis.com/overview?project=78949340231 then retry. If you enabled this API recently, wait a few minutes for the action to propagate to our systems and retry.","status":403}
[debug] [2026-03-17T10:58:04.554Z] Checked if tokens are valid: true, expires at: 1773748587252
[debug] [2026-03-17T10:58:04.555Z] Checked if tokens are valid: true, expires at: 1773748587252
[debug] [2026-03-17T10:58:04.555Z] >>> [apiv2][query] GET https://cloudscheduler.googleapis.com/v1/projects/safezone-cd4b5/locations/us-central1/jobs/firebase-schedule-checkSafeZoneAlerts-us-central1 [none]
[debug] [2026-03-17T10:58:05.652Z] <<< [apiv2][status] GET https://cloudscheduler.googleapis.com/v1/projects/safezone-cd4b5/locations/us-central1/jobs/firebase-schedule-checkSafeZoneAlerts-us-central1 200
[debug] [2026-03-17T10:58:05.652Z] <<< [apiv2][body] GET https://cloudscheduler.googleapis.com/v1/projects/safezone-cd4b5/locations/us-central1/jobs/firebase-schedule-checkSafeZoneAlerts-us-central1 {"name":"projects/safezone-cd4b5/locations/us-central1/jobs/firebase-schedule-checkSafeZoneAlerts-us-central1","httpTarget":{"uri":"https://us-central1-safezone-cd4b5.cloudfunctions.net/checkSafeZoneAlerts","httpMethod":"POST","headers":{"User-Agent":"Google-Cloud-Scheduler"},"oidcToken":{"serviceAccountEmail":"78949340231-compute@developer.gserviceaccount.com","audience":"https://us-central1-safezone-cd4b5.cloudfunctions.net/checkSafeZoneAlerts"}},"userUpdateTime":"2026-03-16T20:42:32.975901Z","state":"ENABLED","status":{},"scheduleTime":"2026-03-17T10:58:04.843065Z","lastAttemptTime":"2026-03-17T10:57:06.235262Z","schedule":"every 1 minutes","timeZone":"UTC","attemptDeadline":"180s"}
[debug] [2026-03-17T10:58:05.653Z] scheduler job firebase-schedule-checkSafeZoneAlerts-us-central1 is up to date, no changes required
[info] +  functions[checkSafeZoneAlerts(us-central1)] Successful update operation. 
[debug] [2026-03-17T10:58:05.664Z] Total Function Deployment time: 78051
[debug] [2026-03-17T10:58:05.664Z] 7 Functions Deployed
[debug] [2026-03-17T10:58:05.664Z] 2 Functions Errored
[debug] [2026-03-17T10:58:05.664Z] 0 Function Deployments Aborted
[debug] [2026-03-17T10:58:05.664Z] Average Function Deployment time: 40975.42857142857
[info] 
[info] Functions deploy had errors with the following functions:
	checkSafeZoneAlerts(me-central1)
	checkSafeZoneAlerts(me-west1)
[info] Function URL (getAlertProxy(me-west1)): https://getalertproxy-2espohqsdq-zf.a.run.app
[info] Function URL (testOrefAccess(me-west1)): https://testorefaccess-2espohqsdq-zf.a.run.app
[info] Function URL (sendManualAlert(me-west1)): https://sendmanualalert-2espohqsdq-zf.a.run.app
[debug] [2026-03-17T10:58:05.803Z] Checked if tokens are valid: true, expires at: 1773748587252
[debug] [2026-03-17T10:58:05.803Z] Checked if tokens are valid: true, expires at: 1773748587252
[debug] [2026-03-17T10:58:05.803Z] Checked if tokens are valid: true, expires at: 1773748587252
[debug] [2026-03-17T10:58:05.803Z] Checked if tokens are valid: true, expires at: 1773748587252
[debug] [2026-03-17T10:58:05.803Z] >>> [apiv2][query] GET https://artifactregistry.googleapis.com/v1/projects/safezone-cd4b5/locations/me-west1/repositories/gcf-artifacts [none]
[debug] [2026-03-17T10:58:05.805Z] >>> [apiv2][query] GET https://artifactregistry.googleapis.com/v1/projects/safezone-cd4b5/locations/us-central1/repositories/gcf-artifacts [none]
[debug] [2026-03-17T10:58:06.416Z] <<< [apiv2][status] GET https://artifactregistry.googleapis.com/v1/projects/safezone-cd4b5/locations/me-west1/repositories/gcf-artifacts 200
[debug] [2026-03-17T10:58:06.416Z] <<< [apiv2][body] GET https://artifactregistry.googleapis.com/v1/projects/safezone-cd4b5/locations/me-west1/repositories/gcf-artifacts {"name":"projects/safezone-cd4b5/locations/me-west1/repositories/gcf-artifacts","format":"DOCKER","description":"This repository is created and used by Cloud Functions for storing function docker images.","labels":{"goog-managed-by":"cloudfunctions"},"createTime":"2026-03-16T07:38:17.570444Z","updateTime":"2026-03-17T10:57:14.109396Z","mode":"STANDARD_REPOSITORY","cleanupPolicies":{"firebase-functions-cleanup":{"id":"firebase-functions-cleanup","action":"DELETE","condition":{"tagState":"ANY","olderThan":"604800s"}}},"sizeBytes":"182191757","satisfiesPzs":true,"vulnerabilityScanningConfig":{"lastEnableTime":"2026-03-16T07:38:07.323381481Z","enablementState":"SCANNING_DISABLED","enablementStateReason":"API containerscanning.googleapis.com is not enabled."},"satisfiesPzi":true,"registryUri":"me-west1-docker.pkg.dev/safezone-cd4b5/gcf-artifacts"}
[debug] [2026-03-17T10:58:06.713Z] <<< [apiv2][status] GET https://artifactregistry.googleapis.com/v1/projects/safezone-cd4b5/locations/us-central1/repositories/gcf-artifacts 200
[debug] [2026-03-17T10:58:06.713Z] <<< [apiv2][body] GET https://artifactregistry.googleapis.com/v1/projects/safezone-cd4b5/locations/us-central1/repositories/gcf-artifacts {"name":"projects/safezone-cd4b5/locations/us-central1/repositories/gcf-artifacts","format":"DOCKER","description":"This repository is created and used by Cloud Functions for storing function docker images.","labels":{"goog-managed-by":"cloudfunctions"},"createTime":"2026-03-15T09:32:08.339862Z","updateTime":"2026-03-17T10:57:14.373328Z","mode":"STANDARD_REPOSITORY","cleanupPolicies":{"firebase-functions-cleanup":{"id":"firebase-functions-cleanup","action":"DELETE","condition":{"tagState":"ANY","olderThan":"86400s"}}},"sizeBytes":"129131749","vulnerabilityScanningConfig":{"lastEnableTime":"2026-03-15T09:32:01.102014582Z","enablementState":"SCANNING_DISABLED","enablementStateReason":"API containerscanning.googleapis.com is not enabled."},"satisfiesPzi":true,"registryUri":"us-central1-docker.pkg.dev/safezone-cd4b5/gcf-artifacts"}
[debug] [2026-03-17T10:58:06.713Z] Functions deploy failed.
[debug] [2026-03-17T10:58:06.713Z] {
  "endpoint": {
    "platform": "gcfv2",
    "id": "checkSafeZoneAlerts",
    "project": "safezone-cd4b5",
    "region": "me-west1",
    "scheduleTrigger": {},
    "entryPoint": "checkSafeZoneAlerts",
    "runtime": "nodejs20",
    "source": {
      "storageSource": {
        "bucket": "gcf-v2-sources-78949340231-me-west1",
        "object": "checkSafeZoneAlerts/function-source.zip",
        "generation": "1773690982325248"
      }
    },
    "ingressSettings": "ALLOW_ALL",
    "environmentVariables": {
      "FIREBASE_CONFIG": "{\"projectId\":\"safezone-cd4b5\",\"databaseURL\":\"https://safezone-cd4b5-default-rtdb.europe-west1.firebasedatabase.app\",\"storageBucket\":\"safezone-cd4b5.firebasestorage.app\"}",
      "GCLOUD_PROJECT": "safezone-cd4b5",
      "EVENTARC_CLOUD_EVENT_SOURCE": "projects/safezone-cd4b5/locations/me-west1/services/checkSafeZoneAlerts",
      "FUNCTION_TARGET": "checkSafeZoneAlerts",
      "LOG_EXECUTION_ID": "true",
      "FUNCTION_SIGNATURE_TYPE": "http"
    },
    "timeoutSeconds": 120,
    "uri": "https://me-west1-safezone-cd4b5.cloudfunctions.net/checkSafeZoneAlerts",
    "serviceAccount": "78949340231-compute@developer.gserviceaccount.com",
    "availableMemoryMb": 256,
    "cpu": 1,
    "maxInstances": 20,
    "concurrency": 80,
    "labels": {
      "deployment-tool": "cli-firebase",
      "deployment-scheduled": "true",
      "firebase-functions-hash": "0469e2a58838c750d68757fd3957a8b61d6fa11b"
    },
    "runServiceId": "checksafezonealerts",
    "codebase": "default",
    "hash": "0469e2a58838c750d68757fd3957a8b61d6fa11b",
    "state": "ACTIVE"
  },
  "op": "delete schedule",
  "original": {
    "name": "FirebaseError",
    "children": [],
    "context": {
      "body": {
        "error": {
          "code": 400,
          "message": "Location 'me-west1' is not a valid location. Use ListLocations to list valid locations.",
          "status": "INVALID_ARGUMENT"
        }
      },
      "response": {
        "statusCode": 400
      }
    },
    "exit": 1,
    "message": "Request to https://cloudscheduler.googleapis.com/v1/projects/safezone-cd4b5/locations/me-west1/jobs/firebase-schedule-checkSafeZoneAlerts-me-west1 had HTTP Error: 400, Location 'me-west1' is not a valid location. Use ListLocations to list valid locations.",
    "status": 400,
    "code": 400
  }
}
[debug] [2026-03-17T10:58:06.713Z] {
  "endpoint": {
    "platform": "gcfv2",
    "id": "checkSafeZoneAlerts",
    "project": "safezone-cd4b5",
    "region": "me-central1",
    "scheduleTrigger": {},
    "entryPoint": "checkSafeZoneAlerts",
    "runtime": "nodejs20",
    "source": {
      "storageSource": {
        "bucket": "gcf-v2-sources-78949340231-me-central1",
        "object": "checkSafeZoneAlerts/function-source.zip",
        "generation": "1773515026423529"
      }
    },
    "ingressSettings": "ALLOW_ALL",
    "environmentVariables": {
      "FIREBASE_CONFIG": "{\"projectId\":\"safezone-cd4b5\",\"databaseURL\":\"https://safezone-cd4b5-default-rtdb.europe-west1.firebasedatabase.app\",\"storageBucket\":\"safezone-cd4b5.firebasestorage.app\"}",
      "GCLOUD_PROJECT": "safezone-cd4b5",
      "EVENTARC_CLOUD_EVENT_SOURCE": "projects/safezone-cd4b5/locations/me-central1/services/checkSafeZoneAlerts",
      "FUNCTION_TARGET": "checkSafeZoneAlerts",
      "LOG_EXECUTION_ID": "true"
    },
    "timeoutSeconds": 60,
    "uri": "https://me-central1-safezone-cd4b5.cloudfunctions.net/checkSafeZoneAlerts",
    "serviceAccount": "78949340231-compute@developer.gserviceaccount.com",
    "availableMemoryMb": 256,
    "cpu": 1,
    "concurrency": 80,
    "labels": {
      "firebase-functions-hash": "405e2d4e7673776365900ea450d630d7717d6cf4",
      "deployment-tool": "cli-firebase",
      "deployment-scheduled": "true"
    },
    "runServiceId": "checksafezonealerts",
    "codebase": "default",
    "hash": "405e2d4e7673776365900ea450d630d7717d6cf4",
    "state": "ACTIVE"
  },
  "op": "delete schedule",
  "original": {
    "name": "FirebaseError",
    "children": [],
    "context": {
      "body": {
        "error": {
          "code": 400,
          "message": "Location 'me-central1' is not a valid location. Use ListLocations to list valid locations.",
          "status": "INVALID_ARGUMENT"
        }
      },
      "response": {
        "statusCode": 400
      }
    },
    "exit": 1,
    "message": "Request to https://cloudscheduler.googleapis.com/v1/projects/safezone-cd4b5/locations/me-central1/jobs/firebase-schedule-checkSafeZoneAlerts-me-central1 had HTTP Error: 400, Location 'me-central1' is not a valid location. Use ListLocations to list valid locations.",
    "status": 400,
    "code": 400
  }
}
[error] Error: There was an error deploying functions:
[error] - Error Failed to delete schedule function checkSafeZoneAlerts in region me-west1
[error] - Error Failed to delete schedule function checkSafeZoneAlerts in region me-central1
